part,model,subset,cv,step,metric,point,lo,hi,median_boot,n_groups,n_rows,B_total,n_seeds
dopt,GPR,all,LOCO,0,R2,0.22514641881348157,-1.0071306399412334,0.694283650874022,0.20836180601970045,24,42,20000,10
dopt,GPR,all,LOCO,0,RMSE,6.647101601362191,3.864909905709461,9.598876554519205,6.534607915501798,24,42,20000,10
dopt,GPR,all,LOCO,0,MAE,4.260289525173054,2.899995048608065,6.281842857057827,4.208919063776904,24,42,20000,10
dopt,GPR,all,LOCO,1,R2,0.2562038709325281,-0.8681440953935988,0.6759820149094773,0.2416932314150585,25,43,20000,10
dopt,GPR,all,LOCO,1,RMSE,6.548440232971188,4.073135666531441,9.265508955030395,6.432956223709646,25,43,20000,10
dopt,GPR,all,LOCO,1,MAE,4.363773033103376,3.0403956232858356,6.200428951452718,4.318608527128468,25,43,20000,10
dopt,GPR,all,LOCO,2,R2,0.45731290232628996,-0.12446258401664892,0.6972958028420557,0.4379356980823469,26,44,20000,10
dopt,GPR,all,LOCO,2,RMSE,5.78060602391327,3.9920147078235275,7.839517392867249,5.742949325104783,26,44,20000,10
dopt,GPR,all,LOCO,2,MAE,4.102451600340821,3.030163868876844,5.6648939828722575,4.113166567451922,26,44,20000,10
dopt,GPR,all,LOCO,3,R2,0.6693285803657207,0.42077476738200925,0.8056345047659157,0.6528943688268809,27,45,20000,10
dopt,GPR,all,LOCO,3,RMSE,4.609433900023982,3.2836678588442525,6.16475106822835,4.555286261629714,27,45,20000,10
dopt,GPR,all,LOCO,3,MAE,3.4426598053933857,2.632847640719861,4.476059806568869,3.4197935042943595,27,45,20000,10
dopt,GPR,all,LOCO,4,R2,0.7515954731663498,0.5837052360415477,0.8662981364309921,0.7424581773052382,28,46,20000,10
dopt,GPR,all,LOCO,4,RMSE,4.146388977516786,2.9840549943940373,5.470016653502808,4.064704098493588,28,46,20000,10
dopt,GPR,all,LOCO,4,MAE,3.101069629837766,2.399823319325135,3.9083090000943543,3.073649212532728,28,46,20000,10
dopt,GPR,all,LOCO,5,R2,0.7590765416470822,0.5993470861645611,0.8692911612121099,0.7504355295823171,29,47,20000,10
dopt,GPR,all,LOCO,5,RMSE,4.154863781631374,3.0147299322718966,5.444534458305004,4.073314965715428,29,47,20000,10
dopt,GPR,all,LOCO,5,MAE,3.150450861696391,2.4526295690785216,3.9343025531910496,3.1259017186248563,29,47,20000,10
dopt,GPR,all,LOCO,6,R2,0.7170916108562599,0.5362856604623659,0.844458101651391,0.7096666207698161,30,48,20000,10
dopt,GPR,all,LOCO,6,RMSE,4.534911893370333,3.2569720729417675,6.107043587918788,4.441485564820883,30,48,20000,10
dopt,GPR,all,LOCO,6,MAE,3.4148679163923386,2.6882129810010422,4.352680263509981,3.385596952092272,30,48,20000,10
dopt,GPR,all,LOCO,7,R2,0.7244322821525447,0.5498018063258348,0.849423649131941,0.7168281367999508,31,49,20000,10
dopt,GPR,all,LOCO,7,RMSE,4.496248819286035,3.217938445304823,6.033280905925553,4.405431324447028,31,49,20000,10
dopt,GPR,all,LOCO,7,MAE,3.3593360329437245,2.628249133250582,4.253258641742622,3.331548121413102,31,49,20000,10
dopt,GPR,all,LOCO,8,R2,0.7002470588767833,0.5299434663328302,0.8244362375360983,0.692802320659467,32,50,20000,10
dopt,GPR,all,LOCO,8,RMSE,4.682594453410307,3.4258791603115495,6.168819400819788,4.585434607710047,32,50,20000,10
dopt,GPR,all,LOCO,8,MAE,3.415640782765297,2.6336876998050736,4.348796510451068,3.3870859423907915,32,50,20000,10
dopt,GPR,all,LOCO,9,R2,0.7239608555413546,0.5624851661636727,0.8451757211400176,0.7192067949803895,33,51,20000,10
dopt,GPR,all,LOCO,9,RMSE,4.5583706709006915,3.282206724502338,6.038583074464271,4.464660464657066,33,51,20000,10
dopt,GPR,all,LOCO,9,MAE,3.292604398053233,2.512365376156716,4.165914436281638,3.2625794199476337,33,51,20000,10
dopt,GPR,all,LOCO,10,R2,0.7365122083889597,0.5797706594089386,0.8529448059653745,0.7326574015608922,34,52,20000,10
dopt,GPR,all,LOCO,10,RMSE,4.5087811493681365,3.235089036950836,6.004484443058063,4.409745672429855,34,52,20000,10
dopt,GPR,all,LOCO,10,MAE,3.22541683460149,2.4532097290217987,4.108105734974985,3.19456621327841,34,52,20000,10
dopt,GPR,all,LOCO,11,R2,0.7463061257363967,0.5942618273385827,0.8589303741540062,0.7415897207635582,35,53,20000,10
dopt,GPR,all,LOCO,11,RMSE,4.469901769182913,3.2069864571224693,5.92232075663106,4.382733602318066,35,53,20000,10
dopt,GPR,all,LOCO,11,MAE,3.1662684037985374,2.3876677011353764,4.029360736506977,3.1479943829247325,35,53,20000,10
dopt,GPR,all,LOCO,12,R2,0.7325624013142407,0.5857405830260456,0.8447116461092596,0.7283377372741697,36,54,20000,10
dopt,GPR,all,LOCO,12,RMSE,4.580745288526823,3.329032323116456,5.979007705521272,4.492897067475187,36,54,20000,10
dopt,GPR,all,LOCO,12,MAE,3.2734682296268804,2.4533206920616,4.147754293907527,3.250609747047881,36,54,20000,10
dopt,GPR,all,LOCO,13,R2,0.7439723989423063,0.5974348688107399,0.8542461770903977,0.740798207325984,37,55,20000,10
dopt,GPR,all,LOCO,13,RMSE,4.506557996748952,3.306582391090544,5.900298570457102,4.415038678532483,37,55,20000,10
dopt,GPR,all,LOCO,13,MAE,3.2093484411483013,2.435477052919606,4.052840635312053,3.177857314914153,37,55,20000,10
dopt,GPR,all,LOCO,14,R2,0.7562633995778141,0.6155487361798974,0.8632257078668285,0.754171493082225,38,56,20000,10
dopt,GPR,all,LOCO,14,RMSE,4.426076463284762,3.254750972660964,5.850491292811231,4.337242548745442,38,56,20000,10
dopt,GPR,all,LOCO,14,MAE,3.158250140007898,2.4225312283553033,3.9955141860209586,3.1286538076412684,38,56,20000,10
dopt,GPR,all,LOCO,15,R2,0.7700916174339933,0.6277035805658154,0.8740150509599837,0.7688131524089707,39,57,20000,10
dopt,GPR,all,LOCO,15,RMSE,4.2654589348068015,3.058321487742846,5.723909009661464,4.17722354792479,39,57,20000,10
dopt,GPR,all,LOCO,15,MAE,2.976928588422898,2.2676395041364312,3.8315101096880197,2.952181262221758,39,57,20000,10
dopt,Random Forest,all,LOCO,0,R2,0.6544416990161042,0.4169330871968559,0.790394192317634,0.637089609825634,24,42,20000,10
dopt,Random Forest,all,LOCO,0,RMSE,4.438937499920666,2.9033871218226923,6.157101615892598,4.368004345626401,24,42,20000,10
dopt,Random Forest,all,LOCO,0,MAE,3.2446768025124744,2.140305242203493,4.319739253599765,3.1897079010381293,24,42,20000,10
dopt,Random Forest,all,LOCO,1,R2,0.6557335500650107,0.4798729170305033,0.7949476939184492,0.6490685494978293,25,43,20000,10
dopt,Random Forest,all,LOCO,1,RMSE,4.454957517953697,2.9426345126851605,5.843832639301554,4.316005047191291,25,43,20000,10
dopt,Random Forest,all,LOCO,1,MAE,3.2824189392864547,2.246896185430917,4.3200303447734205,3.20900879448567,25,43,20000,10
dopt,Random Forest,all,LOCO,2,R2,0.6921573564545767,0.5240645046517322,0.8101598127174882,0.6801138804761696,26,44,20000,10
dopt,Random Forest,all,LOCO,2,RMSE,4.353720596698647,3.043873067020031,5.751509170946332,4.283939836595202,26,44,20000,10
dopt,Random Forest,all,LOCO,2,MAE,3.1795520881380948,2.2971877587930423,4.180684585881513,3.1846067961227975,26,44,20000,10
dopt,Random Forest,all,LOCO,3,R2,0.711176778669405,0.547258719643255,0.8287135850377172,0.7004704417776345,27,45,20000,10
dopt,Random Forest,all,LOCO,3,RMSE,4.307892418990111,2.9604048040012714,5.72571838032097,4.23368512241929,27,45,20000,10
dopt,Random Forest,all,LOCO,3,MAE,3.1100820227802712,2.2034428040700096,4.103336759525834,3.0958262343386718,27,45,20000,10
dopt,Random Forest,all,LOCO,4,R2,0.7386468246109816,0.5721133289986834,0.8512427716342826,0.7255820365271957,28,46,20000,10
dopt,Random Forest,all,LOCO,4,RMSE,4.253076970285358,2.9901099748533233,5.648381023097509,4.217359021702233,28,46,20000,10
dopt,Random Forest,all,LOCO,4,MAE,3.148708145972208,2.255251135504144,4.112006609742404,3.1310806605971253,28,46,20000,10
dopt,Random Forest,all,LOCO,5,R2,0.7449155260757158,0.5916098167761535,0.8590158834486594,0.736542675855548,29,47,20000,10
dopt,Random Forest,all,LOCO,5,RMSE,4.275218046975697,2.945329364524393,5.596985942106442,4.208957480090214,29,47,20000,10
dopt,Random Forest,all,LOCO,5,MAE,3.1338446441687773,2.1978518425916427,4.073265438761716,3.1006027572073673,29,47,20000,10
dopt,Random Forest,all,LOCO,6,R2,0.7600536335913459,0.6087411618018925,0.8691975261213868,0.7494847699196476,30,48,20000,10
dopt,Random Forest,all,LOCO,6,RMSE,4.176391839088903,2.9116862523298197,5.517436880314505,4.1390708772381055,30,48,20000,10
dopt,Random Forest,all,LOCO,6,MAE,3.067082323655863,2.1835823783471846,4.013557008219375,3.0445039952408677,30,48,20000,10
dopt,Random Forest,all,LOCO,7,R2,0.7578518727185466,0.6146512310566948,0.8691690649631713,0.7511163074788503,31,49,20000,10
dopt,Random Forest,all,LOCO,7,RMSE,4.214786164654322,2.912141300382699,5.5092714263351645,4.1502634983015625,31,49,20000,10
dopt,Random Forest,all,LOCO,7,MAE,3.059954313246638,2.1715767469983223,4.009693377951909,3.047960578833564,31,49,20000,10
dopt,Random Forest,all,LOCO,8,R2,0.7502784395470812,0.6015780271770436,0.8633017581595912,0.7447010497691315,32,50,20000,10
dopt,Random Forest,all,LOCO,8,RMSE,4.273697799237519,2.9808476295071635,5.558649001520019,4.200515249619027,32,50,20000,10
dopt,Random Forest,all,LOCO,8,MAE,3.1510791703650494,2.236846576361687,4.061549385617493,3.098092833223079,32,50,20000,10
dopt,Random Forest,all,LOCO,9,R2,0.7583217395861344,0.6252493484125982,0.8690136539311539,0.7578465192180378,33,51,20000,10
dopt,Random Forest,all,LOCO,9,RMSE,4.265186193427881,2.95245177686375,5.474184356987354,4.1586690284777745,33,51,20000,10
dopt,Random Forest,all,LOCO,9,MAE,3.0869771480405315,2.1840977361575384,3.991990838565059,3.037802665678832,33,51,20000,10
dopt,Random Forest,all,LOCO,10,R2,0.7745328464143921,0.6452069281447613,0.8788877693553628,0.7708931573495237,34,52,20000,10
dopt,Random Forest,all,LOCO,10,RMSE,4.170717268883615,2.8782550841631847,5.463085856990339,4.090454558468285,34,52,20000,10
dopt,Random Forest,all,LOCO,10,MAE,2.941982042473168,2.0691437390127674,3.8506673658592105,2.9280017756219694,34,52,20000,10
dopt,Random Forest,all,LOCO,11,R2,0.7834325419878481,0.651699705681907,0.8817572639113044,0.7775023754639363,35,53,20000,10
dopt,Random Forest,all,LOCO,11,RMSE,4.129800612262539,2.894593704959315,5.417499750082921,4.074210531444759,35,53,20000,10
dopt,Random Forest,all,LOCO,11,MAE,2.9255466887983865,2.068437501479014,3.8713087655304212,2.924820123127381,35,53,20000,10
dopt,Random Forest,all,LOCO,12,R2,0.7721568751921579,0.6447233225212138,0.8740777576152252,0.7711377012328104,36,54,20000,10
dopt,Random Forest,all,LOCO,12,RMSE,4.227954494075123,2.953041869737703,5.458126694236362,4.137311675726719,36,54,20000,10
dopt,Random Forest,all,LOCO,12,MAE,2.998189776156644,2.0952208424482044,3.904129946931876,2.9658284764221348,36,54,20000,10
dopt,Random Forest,all,LOCO,13,R2,0.7877933573098683,0.6550738455913305,0.8849736761288466,0.783321107023403,37,55,20000,10
dopt,Random Forest,all,LOCO,13,RMSE,4.102742977871841,2.8919313514365332,5.387796622567924,4.04248109094107,37,55,20000,10
dopt,Random Forest,all,LOCO,13,MAE,2.9285172321426494,2.0489161428886984,3.7829826630158068,2.8722234047993203,37,55,20000,10
dopt,Random Forest,all,LOCO,14,R2,0.7945864483711632,0.6754237779491554,0.8927546872505306,0.7946376412914931,38,56,20000,10
dopt,Random Forest,all,LOCO,14,RMSE,4.0632335255426355,2.870501469231999,5.262402397969569,3.96475015780654,38,56,20000,10
dopt,Random Forest,all,LOCO,14,MAE,2.821712622623678,2.0054591575858507,3.651032289731928,2.7997430752627785,38,56,20000,10
dopt,Random Forest,all,LOCO,15,R2,0.7947455727111502,0.6744879414312659,0.8932669395904833,0.7952863440352991,39,57,20000,10
dopt,Random Forest,all,LOCO,15,RMSE,4.030272095416977,2.8402733734482535,5.2425999477230745,3.9244868032761016,39,57,20000,10
dopt,Random Forest,all,LOCO,15,MAE,2.8114633158550513,2.0277421188168407,3.6680251305623695,2.7985593279648286,39,57,20000,10
dopt,Ridge,all,LOCO,0,R2,0.44454880884899217,-0.18499292158864575,0.7443669844337226,0.4259282221699103,24,42,20000,10
dopt,Ridge,all,LOCO,0,RMSE,5.6276862320681005,3.491289641938911,7.9558303864809155,5.4995345824074455,24,42,20000,10
dopt,Ridge,all,LOCO,0,MAE,3.8730064111217346,2.645928432424138,5.458452476189359,3.8261295857819944,24,42,20000,10
dopt,Ridge,all,LOCO,1,R2,0.599231423697502,0.23874273211267072,0.7924138517702001,0.5699252276069795,25,43,20000,10
dopt,Ridge,all,LOCO,1,RMSE,4.806808163434093,3.2474238969252913,6.6027438871989395,4.756292569939937,25,43,20000,10
dopt,Ridge,all,LOCO,1,MAE,3.4260953706003945,2.40708894522788,4.755696557628889,3.4345742967083206,25,43,20000,10
dopt,Ridge,all,LOCO,2,R2,0.6334354473987238,0.34444952833444015,0.809488817993079,0.6161365792445189,26,44,20000,10
dopt,Ridge,all,LOCO,2,RMSE,4.7508634358355515,3.2161239179526255,6.496058566688473,4.667756133624727,26,44,20000,10
dopt,Ridge,all,LOCO,2,MAE,3.3474747871895825,2.4536912010807033,4.624805682362288,3.372174254910477,26,44,20000,10
dopt,Ridge,all,LOCO,3,R2,0.6578946133859525,0.3876832848309857,0.8220013145979778,0.6422220860537231,27,45,20000,10
dopt,Ridge,all,LOCO,3,RMSE,4.6884454555418245,3.2051335515012367,6.453488125479102,4.605434898982786,27,45,20000,10
dopt,Ridge,all,LOCO,3,MAE,3.3525189677344303,2.448484168535068,4.549554013632804,3.3258540977222673,27,45,20000,10
dopt,Ridge,all,LOCO,4,R2,0.6673686164208141,0.43765652018997303,0.8170989483181421,0.6552444722888977,28,46,20000,10
dopt,Ridge,all,LOCO,4,RMSE,4.798113972325033,3.361440667192815,6.568848643437119,4.711876754993719,28,46,20000,10
dopt,Ridge,all,LOCO,4,MAE,3.43484792544315,2.5508127658128275,4.712749574592247,3.4602089957358326,28,46,20000,10
dopt,Ridge,all,LOCO,5,R2,0.6907869960964101,0.4718102483449057,0.836464496132883,0.6804379322477256,29,47,20000,10
dopt,Ridge,all,LOCO,5,RMSE,4.707017524801305,3.2979477547427973,6.449647543178902,4.615027645137355,29,47,20000,10
dopt,Ridge,all,LOCO,5,MAE,3.362685100963046,2.5341712014468234,4.598720912523312,3.383382974556592,29,47,20000,10
dopt,Ridge,all,LOCO,6,R2,0.6978658868427907,0.5018100464194233,0.8265109399572403,0.6867449594138002,30,48,20000,10
dopt,Ridge,all,LOCO,6,RMSE,4.686469676392556,3.42681298256142,6.348935358093504,4.619833657155144,30,48,20000,10
dopt,Ridge,all,LOCO,6,MAE,3.4185697647690194,2.625864360428399,4.529610115783877,3.4274685475058746,30,48,20000,10
dopt,Ridge,all,LOCO,7,R2,0.7089763026523993,0.5192875528446006,0.8370509156244755,0.699589428067932,31,49,20000,10
dopt,Ridge,all,LOCO,7,RMSE,4.620620493442296,3.3683147632767922,6.266922265125919,4.545766216566596,31,49,20000,10
dopt,Ridge,all,LOCO,7,MAE,3.335205735240316,2.571294837527967,4.433729827926061,3.3565302839565208,31,49,20000,10
dopt,Ridge,all,LOCO,8,R2,0.6945274290386854,0.5017090476317886,0.8246553306153143,0.6870391646249314,32,50,20000,10
dopt,Ridge,all,LOCO,8,RMSE,4.727057951621312,3.4516922731543342,6.436683598941028,4.647289888745587,32,50,20000,10
dopt,Ridge,all,LOCO,8,MAE,3.4764991882423715,2.664311941481678,4.535710796204319,3.443852432827073,32,50,20000,10
dopt,Ridge,all,LOCO,9,R2,0.7137594041876186,0.5289083571711403,0.840623957632526,0.7092436025422483,33,51,20000,10
dopt,Ridge,all,LOCO,9,RMSE,4.641815624972784,3.3392342931656795,6.353368021237191,4.561297013441289,33,51,20000,10
dopt,Ridge,all,LOCO,9,MAE,3.3232497297201906,2.559815853529837,4.361275644442194,3.318503342949419,33,51,20000,10
dopt,Ridge,all,LOCO,10,R2,0.7296426519161563,0.5510461683651762,0.8518606700886193,0.7259600424047696,34,52,20000,10
dopt,Ridge,all,LOCO,10,RMSE,4.567177969169439,3.269445277129569,6.291719310166085,4.477634647596796,34,52,20000,10
dopt,Ridge,all,LOCO,10,MAE,3.2420631328105687,2.5058451771215386,4.29220999131348,3.2325677590578668,34,52,20000,10
dopt,Ridge,all,LOCO,11,R2,0.7407066686958101,0.5642857531115181,0.8599973855203483,0.7376462622829952,35,53,20000,10
dopt,Ridge,all,LOCO,11,RMSE,4.518949311512046,3.225189638527535,6.214136277139429,4.435340875147334,35,53,20000,10
dopt,Ridge,all,LOCO,11,MAE,3.2063479994213355,2.4739534513658485,4.206836210666085,3.1753155681064023,35,53,20000,10
dopt,Ridge,all,LOCO,12,R2,0.7302175635512222,0.5528237240655035,0.8527053704280001,0.7273555192354807,36,54,20000,10
dopt,Ridge,all,LOCO,12,RMSE,4.60075355108034,3.2861385978690056,6.312914841322326,4.514362527536522,36,54,20000,10
dopt,Ridge,all,LOCO,12,MAE,3.2311168272207915,2.490715477516925,4.251210203101258,3.2182957149238476,36,54,20000,10
dopt,Ridge,all,LOCO,13,R2,0.7436962830465563,0.5686318864119169,0.8634771444651411,0.7403615511838427,37,55,20000,10
dopt,Ridge,all,LOCO,13,RMSE,4.508987406568408,3.20043683491445,6.203118187903939,4.431281925441194,37,55,20000,10
dopt,Ridge,all,LOCO,13,MAE,3.116092922314458,2.3987025453677155,4.105550584077124,3.1085645815105662,37,55,20000,10
dopt,Ridge,all,LOCO,14,R2,0.7478631781202161,0.5741533266216762,0.863896124607129,0.7449609358339186,38,56,20000,10
dopt,Ridge,all,LOCO,14,RMSE,4.5016931133412745,3.248562670406377,6.196034095788306,4.438924741683694,38,56,20000,10
dopt,Ridge,all,LOCO,14,MAE,3.1575877256728893,2.4674355735180438,4.16413125827011,3.166256008394175,38,56,20000,10
dopt,Ridge,all,LOCO,15,R2,0.7453582167300901,0.5703556151134881,0.8627052948665567,0.7437435110299868,39,57,20000,10
dopt,Ridge,all,LOCO,15,RMSE,4.489037109358558,3.23461136641733,6.1730644242498105,4.418274712992445,39,57,20000,10
dopt,Ridge,all,LOCO,15,MAE,3.1740529687093346,2.4697195147491575,4.13527982033021,3.1578137816280654,39,57,20000,10
dopt,XGBoost,all,LOCO,0,R2,0.5699081593700988,0.32205009531742174,0.7212058605927646,0.5520092965612443,24,42,20000,10
dopt,XGBoost,all,LOCO,0,RMSE,4.952232603916811,3.494566023400962,6.691085769916685,4.86416508509551,24,42,20000,10
dopt,XGBoost,all,LOCO,0,MAE,3.784283662977673,2.7816126722766135,4.842522050218922,3.7431741797650453,24,42,20000,10
dopt,XGBoost,all,LOCO,1,R2,0.613877088818714,0.40863794369146306,0.7450420605320185,0.5956366500641542,25,43,20000,10
dopt,XGBoost,all,LOCO,1,RMSE,4.71817081797303,3.362683921591615,6.209563990366763,4.627162574338813,25,43,20000,10
dopt,XGBoost,all,LOCO,1,MAE,3.5584858711375746,2.5852154919962094,4.583716700136963,3.53609031229549,25,43,20000,10
dopt,XGBoost,all,LOCO,2,R2,0.660920394079255,0.4568965625187355,0.7963968724234268,0.6480539635036304,26,44,20000,10
dopt,XGBoost,all,LOCO,2,RMSE,4.569169200018283,3.2131364568166645,5.9991372023935705,4.487056161469759,26,44,20000,10
dopt,XGBoost,all,LOCO,2,MAE,3.4671640293164687,2.4065456631576314,4.4489409947417915,3.433043052840296,26,44,20000,10
dopt,XGBoost,all,LOCO,3,R2,0.6585074974815559,0.47183311302136655,0.7767850739339053,0.641599845749967,27,45,20000,10
dopt,XGBoost,all,LOCO,3,RMSE,4.683612641887279,3.4531313048377767,6.079527607723434,4.624799828785859,27,45,20000,10
dopt,XGBoost,all,LOCO,3,MAE,3.6295253874990667,2.696512346085371,4.623088351913861,3.6052506840894427,27,45,20000,10
dopt,XGBoost,all,LOCO,4,R2,0.6603448995330898,0.4587187743009326,0.7954524657225864,0.6442787909662168,28,46,20000,10
dopt,XGBoost,all,LOCO,4,RMSE,4.848512790834592,3.4979266093075068,6.4054524493066545,4.795877445629515,28,46,20000,10
dopt,XGBoost,all,LOCO,4,MAE,3.69388026330782,2.7125045826719565,4.799619751900434,3.706150789332229,28,46,20000,10
dopt,XGBoost,all,LOCO,5,R2,0.6936326483109441,0.5117717527055069,0.8129363139126184,0.68032261879006,29,47,20000,10
dopt,XGBoost,all,LOCO,5,RMSE,4.685304633929732,3.4254442040245126,6.164578522427598,4.634844923482861,29,47,20000,10
dopt,XGBoost,all,LOCO,5,MAE,3.577696515093458,2.650225656077669,4.614467157634289,3.5723229244848094,29,47,20000,10
dopt,XGBoost,all,LOCO,6,R2,0.6819460277283145,0.4986878430210768,0.8134495182951841,0.673994502941973,30,48,20000,10
dopt,XGBoost,all,LOCO,6,RMSE,4.808343764447382,3.477177976420013,6.321676577420384,4.733115773323286,30,48,20000,10
dopt,XGBoost,all,LOCO,6,MAE,3.7059039682149892,2.7208260496304773,4.688631396774493,3.656564820994401,30,48,20000,10
dopt,XGBoost,all,LOCO,7,R2,0.6835505325167441,0.5115660293849116,0.8150046111939108,0.6782249057935652,31,49,20000,10
dopt,XGBoost,all,LOCO,7,RMSE,4.818234077878552,3.490155979321663,6.241080096333166,4.721999845850604,31,49,20000,10
dopt,XGBoost,all,LOCO,7,MAE,3.7090441119427586,2.743975563977712,4.642495751947653,3.6556109949489812,31,49,20000,10
dopt,XGBoost,all,LOCO,8,R2,0.6785822373223225,0.5089348191309143,0.8078554167883408,0.6756301650448531,32,50,20000,10
dopt,XGBoost,all,LOCO,8,RMSE,4.8487918139699575,3.5190100618057287,6.318655081016079,4.737786785423195,32,50,20000,10
dopt,XGBoost,all,LOCO,8,MAE,3.664672792339325,2.712557043047178,4.646848513660569,3.618969767761231,32,50,20000,10
dopt,XGBoost,all,LOCO,9,R2,0.7105438980449961,0.5673673915175695,0.8169435950724674,0.7043593446907866,33,51,20000,10
dopt,XGBoost,all,LOCO,9,RMSE,4.6678146535354195,3.46720505986444,5.917324849635842,4.599901382556518,33,51,20000,10
dopt,XGBoost,all,LOCO,9,MAE,3.5453362133923703,2.608501243780508,4.465647597023603,3.518919068425278,33,51,20000,10
dopt,XGBoost,all,LOCO,10,R2,0.7211038489188013,0.585132219307825,0.826498678530755,0.7160734757341489,34,52,20000,10
dopt,XGBoost,all,LOCO,10,RMSE,4.6387033113709775,3.438366275232611,5.872780869467585,4.561872524832994,34,52,20000,10
dopt,XGBoost,all,LOCO,10,MAE,3.524506464325465,2.625940152039347,4.4373159806456055,3.5044291433902353,34,52,20000,10
dopt,XGBoost,all,LOCO,11,R2,0.734518045391461,0.6002098502729678,0.8393635962298933,0.7314999061517562,35,53,20000,10
dopt,XGBoost,all,LOCO,11,RMSE,4.572552021647015,3.3399854983843307,5.816937627642168,4.49268091893843,35,53,20000,10
dopt,XGBoost,all,LOCO,11,MAE,3.4225889396217637,2.507635730589567,4.384055747633507,3.397562686016686,35,53,20000,10
dopt,XGBoost,all,LOCO,12,R2,0.7247615278237902,0.5885632169014441,0.8268818338172559,0.7197976400259849,36,54,20000,10
dopt,XGBoost,all,LOCO,12,RMSE,4.647057438681101,3.4387610099001917,5.896490741239729,4.583483466812917,36,54,20000,10
dopt,XGBoost,all,LOCO,12,MAE,3.4959228743447204,2.550230119932097,4.4165102290392815,3.4554575734627555,36,54,20000,10
dopt,XGBoost,all,LOCO,13,R2,0.7324859032855858,0.5926933973077488,0.8337944937132379,0.7275866664605364,37,55,20000,10
dopt,XGBoost,all,LOCO,13,RMSE,4.606537343965384,3.4130463969846314,5.900953271262182,4.545040657292711,37,55,20000,10
dopt,XGBoost,all,LOCO,13,MAE,3.4096269955635075,2.547153876843663,4.356444242156944,3.417959027157315,37,55,20000,10
dopt,XGBoost,all,LOCO,14,R2,0.7440831621072066,0.61708042787366,0.8498906959789511,0.7455352761442683,38,56,20000,10
dopt,XGBoost,all,LOCO,14,RMSE,4.535317564209828,3.328820205005746,5.726071785413803,4.424889812841794,38,56,20000,10
dopt,XGBoost,all,LOCO,14,MAE,3.303426467606,2.5010917236655956,4.243348937068502,3.3499794547641195,38,56,20000,10
dopt,XGBoost,all,LOCO,15,R2,0.7564950210475108,0.6201570132877499,0.8563068476202413,0.7513170595971597,39,57,20000,10
dopt,XGBoost,all,LOCO,15,RMSE,4.389757726418538,3.1978858527175076,5.682793300240241,4.350967628074777,39,57,20000,10
dopt,XGBoost,all,LOCO,15,MAE,3.2283980938426238,2.373266951328942,4.151034384934107,3.217305828197186,39,57,20000,10
sametest,GPR,A@OFAT,LOCO,,R2,0.22514641881348157,-1.0071306399412334,0.694283650874022,0.20836180601970045,24,42,20000,10
sametest,GPR,A@OFAT,LOCO,,RMSE,6.647101601362191,3.864909905709461,9.598876554519205,6.534607915501798,24,42,20000,10
sametest,GPR,A@OFAT,LOCO,,MAE,4.260289525173054,2.899995048608065,6.281842857057827,4.208919063776904,24,42,20000,10
sametest,GPR,B@OFAT,LOCO,,R2,0.6501232442005762,0.4198966257156477,0.8128309779748436,0.6341395698732635,24,42,20000,10
sametest,GPR,B@OFAT,LOCO,,RMSE,4.46663063439477,3.0142686093404034,6.283134473140942,4.380916701470353,24,42,20000,10
sametest,GPR,B@OFAT,LOCO,,MAE,3.1830069101236393,2.37783059211723,4.244925931062798,3.1466272553263948,24,42,20000,10
sametest,GPR,A@DOE,LOCO,,R2,0.10686441630077137,-0.3947055097368299,0.2643670921304654,0.04687888866278911,15,15,20000,10
sametest,GPR,A@DOE,LOCO,,RMSE,11.213293331908204,9.195440251626668,13.033314390423296,11.244215169441606,15,15,20000,10
sametest,GPR,A@DOE,LOCO,,MAE,10.12669943630735,7.575393427612085,12.470635662920063,10.192379765560748,15,15,20000,10
sametest,GPR,B@DOE,LOCO,,R2,0.9057019880277555,0.788035726792342,0.9739915984644623,0.9032441552611457,15,15,20000,10
sametest,GPR,B@DOE,LOCO,,RMSE,3.643558904435757,1.7310476948575766,5.102742939235358,3.5838784493523708,15,15,20000,10
sametest,GPR,B@DOE,LOCO,,MAE,2.399909502884737,1.1274053573770875,3.8750725011976104,2.360695855516873,15,15,20000,10
sametest,GPR,A@all,LOCO,,R2,0.1704775355093549,-0.3482689227435817,0.44888653555516106,0.14961167718315754,39,57,20000,10
sametest,GPR,A@all,LOCO,,RMSE,8.102190084182912,6.176671420153695,10.277689730085546,8.100963023021071,39,57,20000,10
sametest,GPR,A@all,LOCO,,MAE,5.804079726301422,4.380725731879817,7.77294649149429,5.812970596963089,39,57,20000,10
sametest,GPR,B@all,LOCO,,R2,0.7700916174339933,0.6277035805658154,0.8740150509599837,0.7688131524089707,39,57,20000,10
sametest,GPR,B@all,LOCO,,RMSE,4.2654589348068015,3.058321487742846,5.723909009661464,4.17722354792479,39,57,20000,10
sametest,GPR,B@all,LOCO,,MAE,2.976928588422898,2.2676395041364312,3.8315101096880197,2.952181262221758,39,57,20000,10
sametest,Random Forest,A@OFAT,LOCO,,R2,0.6544416990161042,0.4169330871968559,0.790394192317634,0.637089609825634,24,42,20000,10
sametest,Random Forest,A@OFAT,LOCO,,RMSE,4.438937499920666,2.9033871218226923,6.157101615892598,4.368004345626401,24,42,20000,10
sametest,Random Forest,A@OFAT,LOCO,,MAE,3.2446768025124744,2.140305242203493,4.319739253599765,3.1897079010381293,24,42,20000,10
sametest,Random Forest,B@OFAT,LOCO,,R2,0.6728807398774,0.488151781270931,0.8142819692441285,0.6624282209614748,24,42,20000,10
sametest,Random Forest,B@OFAT,LOCO,,RMSE,4.318914703612261,2.8539018160947522,5.806961239231509,4.18776273872417,24,42,20000,10
sametest,Random Forest,B@OFAT,LOCO,,MAE,3.0696213999092654,2.129836198332276,4.078220309874921,3.041258890417935,24,42,20000,10
sametest,Random Forest,A@DOE,LOCO,,R2,0.8913748770221875,0.7654075125299209,0.9550889171982677,0.8939848111170808,15,15,20000,10
sametest,Random Forest,A@DOE,LOCO,,RMSE,3.9104857997481175,2.348920377204936,5.2595740844303185,3.7467667882442632,15,15,20000,10
sametest,Random Forest,A@DOE,LOCO,,MAE,3.0439476284042755,1.9471754027837873,4.365332732074974,3.021090374019768,15,15,20000,10
sametest,Random Forest,B@DOE,LOCO,,R2,0.9377291548693527,0.8307349801391691,0.9775824554722811,0.9323674745832612,15,15,20000,10
sametest,Random Forest,B@DOE,LOCO,,RMSE,2.960166952585244,1.6866369034355864,4.375084911660241,2.995572578136529,15,15,20000,10
sametest,Random Forest,B@DOE,LOCO,,MAE,2.0575732429478584,1.0239120498831855,3.388156566099991,2.086699436520294,15,15,20000,10
sametest,Random Forest,A@all,LOCO,,R2,0.7668317746898241,0.6156929665816746,0.8657295743149127,0.763611556256989,39,57,20000,10
sametest,Random Forest,A@all,LOCO,,RMSE,4.295586635393748,3.1082149737137623,5.709896442863318,4.235874988564303,39,57,20000,10
sametest,Random Forest,A@all,LOCO,,MAE,3.1925492750715834,2.3426626274864226,4.071889022929354,3.1542758182358774,39,57,20000,10
sametest,Random Forest,B@all,LOCO,,R2,0.7947455727111502,0.6744879414312659,0.8932669395904833,0.7952863440352991,39,57,20000,10
sametest,Random Forest,B@all,LOCO,,RMSE,4.030272095416977,2.8402733734482535,5.2425999477230745,3.9244868032761016,39,57,20000,10
sametest,Random Forest,B@all,LOCO,,MAE,2.8114633158550513,2.0277421188168407,3.6680251305623695,2.7985593279648286,39,57,20000,10
sametest,Ridge,A@OFAT,LOCO,,R2,0.44454880884899217,-0.18499292158864575,0.7443669844337226,0.4259282221699103,24,42,20000,10
sametest,Ridge,A@OFAT,LOCO,,RMSE,5.6276862320681005,3.491289641938911,7.9558303864809155,5.4995345824074455,24,42,20000,10
sametest,Ridge,A@OFAT,LOCO,,MAE,3.8730064111217346,2.645928432424138,5.458452476189359,3.8261295857819944,24,42,20000,10
sametest,Ridge,B@OFAT,LOCO,,R2,0.6096927735722063,0.3232852175405369,0.8026768946400918,0.5931719226812524,24,42,20000,10
sametest,Ridge,B@OFAT,LOCO,,RMSE,4.717650618284365,3.1282282840920974,6.831506326151342,4.621559302963787,24,42,20000,10
sametest,Ridge,B@OFAT,LOCO,,MAE,3.1755994717937064,2.3129566610467087,4.416319712387542,3.130624971507125,24,42,20000,10
sametest,Ridge,A@DOE,LOCO,,R2,0.8582731359076865,0.6003084289332483,0.9082665555501546,0.8253165058731894,15,15,20000,10
sametest,Ridge,A@DOE,LOCO,,RMSE,4.466842252416719,3.4796592932232784,7.060994921818884,4.768079349221588,15,15,20000,10
sametest,Ridge,A@DOE,LOCO,,MAE,3.80302137771822,2.745021050791322,6.269066718937932,4.108269415427992,15,15,20000,10
sametest,Ridge,B@DOE,LOCO,,R2,0.9003252784079494,0.7924180962765355,0.9498519546421575,0.8927834550944231,15,15,20000,10
sametest,Ridge,B@DOE,LOCO,,RMSE,3.745933469613144,2.5707157292248515,4.89841147240059,3.7602156765406414,15,15,20000,10
sametest,Ridge,B@DOE,LOCO,,MAE,3.12045574769269,2.1670137309527564,4.338583048187167,3.1752874510079137,15,15,20000,10
sametest,Ridge,A@all,LOCO,,R2,0.6127549301736003,0.34872850179616427,0.7982390636929751,0.6177838379803555,39,57,20000,10
sametest,Ridge,A@all,LOCO,,RMSE,5.535775639396485,3.8442249780667535,7.260451393500272,5.389013693477379,39,57,20000,10
sametest,Ridge,A@all,LOCO,,MAE,3.8992393646492682,2.9605106324220647,5.237903695117827,3.9301574365845298,39,57,20000,10
sametest,Ridge,B@all,LOCO,,R2,0.7453582167300901,0.5703556151134881,0.8627052948665567,0.7437435110299868,39,57,20000,10
sametest,Ridge,B@all,LOCO,,RMSE,4.489037109358558,3.23461136641733,6.1730644242498105,4.418274712992445,39,57,20000,10
sametest,Ridge,B@all,LOCO,,MAE,3.1740529687093346,2.4697195147491575,4.13527982033021,3.1578137816280654,39,57,20000,10
sametest,XGBoost,A@OFAT,LOCO,,R2,0.5699081593700988,0.32205009531742174,0.7212058605927646,0.5520092965612443,24,42,20000,10
sametest,XGBoost,A@OFAT,LOCO,,RMSE,4.952232603916811,3.494566023400962,6.691085769916685,4.86416508509551,24,42,20000,10
sametest,XGBoost,A@OFAT,LOCO,,MAE,3.784283662977673,2.7816126722766135,4.842522050218922,3.7431741797650453,24,42,20000,10
sametest,XGBoost,B@OFAT,LOCO,,R2,0.6174606220017017,0.37767168224185893,0.7713710428994349,0.6017450055335309,24,42,20000,10
sametest,XGBoost,B@OFAT,LOCO,,RMSE,4.670356518874222,3.0962818101270653,6.263505093031744,4.580107640471303,24,42,20000,10
sametest,XGBoost,B@OFAT,LOCO,,MAE,3.32966396070662,2.2631732451933804,4.532310749444729,3.3406581331138563,24,42,20000,10
sametest,XGBoost,A@DOE,LOCO,,R2,0.8109032123398315,0.6583006268872773,0.8919148742203594,0.8035730923464401,15,15,20000,10
sametest,XGBoost,A@DOE,LOCO,,RMSE,5.159603914144011,3.3732787717626818,7.053454360111617,5.078510035600377,15,15,20000,10
sametest,XGBoost,A@DOE,LOCO,,MAE,4.227837561925253,2.7610606328487397,5.911140308666229,4.197230822245281,15,15,20000,10
sametest,XGBoost,B@DOE,LOCO,,R2,0.9090573234342696,0.8270276646632104,0.9527744584122596,0.9039553004275352,15,15,20000,10
sametest,XGBoost,B@DOE,LOCO,,RMSE,3.5781474926832537,2.307848273186085,4.85434149811724,3.5541942360794456,15,15,20000,10
sametest,XGBoost,B@DOE,LOCO,,MAE,2.844084784825643,1.7589240790049236,4.128694027026494,2.8449283501307185,15,15,20000,10
sametest,XGBoost,A@all,LOCO,,R2,0.6847725230430772,0.5390763138259896,0.7838327130824287,0.6784842292884399,39,57,20000,10
sametest,XGBoost,A@all,LOCO,,RMSE,4.994592185026452,3.8323605243613876,6.411864703902968,4.945116222292031,39,57,20000,10
sametest,XGBoost,A@all,LOCO,,MAE,3.8972513722536855,3.084922647497053,4.823260924136639,3.8745402920484553,39,57,20000,10
sametest,XGBoost,B@all,LOCO,,R2,0.7564950210475108,0.6201570132877499,0.8563068476202413,0.7513170595971597,39,57,20000,10
sametest,XGBoost,B@all,LOCO,,RMSE,4.389757726418538,3.1978858527175076,5.682793300240241,4.350967628074777,39,57,20000,10
sametest,XGBoost,B@all,LOCO,,MAE,3.2283980938426238,2.373266951328942,4.151034384934107,3.217305828197186,39,57,20000,10
fivepos,GPR,Augmented,LOCO,Thickness_5pos,R2,0.7406277460263788,0.6220387426090188,0.8179195339630118,0.7325330880515223,39,57,20000,10
fivepos,GPR,Augmented,LOCO,Thickness_5pos,RMSE,4.607711020771854,3.748530556385065,5.346866130154009,4.582057342622999,39,57,20000,10
fivepos,GPR,Augmented,LOCO,Thickness_5pos,MAE,3.777675940792612,3.096714565821885,4.427226125563198,3.765907199614353,39,57,20000,10
fivepos,GPR,OFAT,LOCO,Thickness_5pos,R2,0.44167484878297225,-0.15533823134435426,0.6375667848503411,0.41514127720453864,24,42,20000,10
fivepos,GPR,OFAT,LOCO,Thickness_5pos,RMSE,5.747207080292056,4.263858810455106,7.0980051092532594,5.680464540977207,24,42,20000,10
fivepos,GPR,OFAT,LOCO,Thickness_5pos,MAE,4.542078943158967,3.4315365940004114,5.6925785516110246,4.512642434298683,24,42,20000,10
fivepos,Random Forest,Augmented,LOCO,Thickness_5pos,R2,0.7831958625376869,0.6597141901341256,0.8805395573142984,0.7825935582757751,39,57,20000,10
fivepos,Random Forest,Augmented,LOCO,Thickness_5pos,RMSE,4.212666639665342,2.9929270125487273,5.271814764493862,4.123340671526801,39,57,20000,10
fivepos,Random Forest,Augmented,LOCO,Thickness_5pos,MAE,3.1305768210302025,2.1932430057044674,4.043405765880356,3.074671924228987,39,57,20000,10
fivepos,Random Forest,OFAT,LOCO,Thickness_5pos,R2,0.6369414328176961,0.4230921255574847,0.7644219289434006,0.6190593488315757,24,42,20000,10
fivepos,Random Forest,OFAT,LOCO,Thickness_5pos,RMSE,4.634477899895913,3.0652644718624313,5.952616270268586,4.555371787520963,24,42,20000,10
fivepos,Random Forest,OFAT,LOCO,Thickness_5pos,MAE,3.6090374142786765,2.3755648854609195,4.703778403958836,3.4978095029442384,24,42,20000,10
fivepos,Ridge,Augmented,LOCO,Thickness_5pos,R2,0.7624611602457907,0.6307244127275079,0.8455191307652427,0.7547094288836544,39,57,20000,10
fivepos,Ridge,Augmented,LOCO,Thickness_5pos,RMSE,4.4095132214789885,3.4423130640209547,5.337106750788072,4.3820459748756395,39,57,20000,10
fivepos,Ridge,Augmented,LOCO,Thickness_5pos,MAE,3.4103868085817384,2.7108438836135904,4.2093629378884465,3.4332227039655874,39,57,20000,10
fivepos,Ridge,OFAT,LOCO,Thickness_5pos,R2,0.5682611338824921,0.06550587188205914,0.7520445830028092,0.5420619565796649,24,42,20000,10
fivepos,Ridge,OFAT,LOCO,Thickness_5pos,RMSE,5.053858137273497,3.668003822581497,6.434864344960374,4.983492585898839,24,42,20000,10
fivepos,Ridge,OFAT,LOCO,Thickness_5pos,MAE,3.815782066431197,2.8773360340099208,4.963857288467179,3.797499442557995,24,42,20000,10
fivepos,XGBoost,Augmented,LOCO,Thickness_5pos,R2,0.7379187401952558,0.6026022056425946,0.8515748633410647,0.7422360849356926,39,57,20000,10
fivepos,XGBoost,Augmented,LOCO,Thickness_5pos,RMSE,4.631647905532477,3.2579029481300816,5.800157621063574,4.5051341986242335,39,57,20000,10
fivepos,XGBoost,Augmented,LOCO,Thickness_5pos,MAE,3.4852095423000953,2.3919453109539166,4.547159139719673,3.4072266382200898,39,57,20000,10
fivepos,XGBoost,OFAT,LOCO,Thickness_5pos,R2,0.5548548127942401,0.30215139168241256,0.6760154540984028,0.5285608934941813,24,42,20000,10
fivepos,XGBoost,OFAT,LOCO,Thickness_5pos,RMSE,5.13173175638542,3.654752425813465,6.430245438392934,5.0701592470573855,24,42,20000,10
fivepos,XGBoost,OFAT,LOCO,Thickness_5pos,MAE,4.104410747301012,2.92642853710583,5.252292349718175,4.046601501509201,24,42,20000,10
loocv_ref,GPR,Augmented,LOCO,,R2,0.7700916174339933,0.6277035805658154,0.8740150509599837,0.7688131524089707,39,57,20000,10
loocv_ref,GPR,Augmented,LOCO,,RMSE,4.2654589348068015,3.058321487742846,5.723909009661464,4.17722354792479,39,57,20000,10
loocv_ref,GPR,Augmented,LOCO,,MAE,2.976928588422898,2.2676395041364312,3.8315101096880197,2.952181262221758,39,57,20000,10
loocv_ref,GPR,Augmented,LOOCV,,R2,0.7773824446370592,0.629253772559363,0.8866915104189858,0.7753392213413759,39,57,20000,10
loocv_ref,GPR,Augmented,LOOCV,,RMSE,4.19728120687001,2.9169443908650208,5.707153160298943,4.110140408247705,39,57,20000,10
loocv_ref,GPR,Augmented,LOOCV,,MAE,2.871612881854654,2.1608663306829743,3.7569476380031213,2.848566078156197,39,57,20000,10
loocv_ref,GPR,OFAT,LOCO,,R2,0.22514641881348157,-1.0071306399412334,0.694283650874022,0.20836180601970045,24,42,20000,10
loocv_ref,GPR,OFAT,LOCO,,RMSE,6.647101601362191,3.864909905709461,9.598876554519205,6.534607915501798,24,42,20000,10
loocv_ref,GPR,OFAT,LOCO,,MAE,4.260289525173054,2.899995048608065,6.281842857057827,4.208919063776904,24,42,20000,10
loocv_ref,GPR,OFAT,LOOCV,,R2,0.24957472817104975,-1.012361867612949,0.7329145489506249,0.2325147160761526,24,42,20000,10
loocv_ref,GPR,OFAT,LOOCV,,RMSE,6.541483049268205,3.6314457179029067,9.56976214383822,6.429978960408111,24,42,20000,10
loocv_ref,GPR,OFAT,LOOCV,,MAE,3.999138713164405,2.60538226139349,6.1508522216373365,3.9563398920488013,24,42,20000,10
loocv_ref,Random Forest,Augmented,LOCO,,R2,0.7947455727111502,0.6744879414312659,0.8932669395904833,0.7952863440352991,39,57,20000,10
loocv_ref,Random Forest,Augmented,LOCO,,RMSE,4.030272095416977,2.8402733734482535,5.2425999477230745,3.9244868032761016,39,57,20000,10
loocv_ref,Random Forest,Augmented,LOCO,,MAE,2.8114633158550513,2.0277421188168407,3.6680251305623695,2.7985593279648286,39,57,20000,10
loocv_ref,Random Forest,Augmented,LOOCV,,R2,0.8065611635772161,0.6687857997028946,0.9068939738251814,0.8011890315061445,39,57,20000,10
loocv_ref,Random Forest,Augmented,LOOCV,,RMSE,3.91251658176534,2.693006523300987,5.221894214740349,3.8690927362344523,39,57,20000,10
loocv_ref,Random Forest,Augmented,LOOCV,,MAE,2.6291157133431438,1.9163199385587208,3.4980464659151,2.642994024101145,39,57,20000,10
loocv_ref,Random Forest,OFAT,LOCO,,R2,0.6544416990161042,0.4169330871968559,0.790394192317634,0.637089609825634,24,42,20000,10
loocv_ref,Random Forest,OFAT,LOCO,,RMSE,4.438937499920666,2.9033871218226923,6.157101615892598,4.368004345626401,24,42,20000,10
loocv_ref,Random Forest,OFAT,LOCO,,MAE,3.2446768025124744,2.140305242203493,4.319739253599765,3.1897079010381293,24,42,20000,10
loocv_ref,Random Forest,OFAT,LOOCV,,R2,0.6757226662775153,0.4053905181678335,0.8497299516854762,0.6586387037458508,24,42,20000,10
loocv_ref,Random Forest,OFAT,LOOCV,,RMSE,4.300122121082582,2.7222265335887452,6.052942534601926,4.204081712130348,24,42,20000,10
loocv_ref,Random Forest,OFAT,LOOCV,,MAE,2.9022701639662394,2.007064682885607,3.9969418776776195,2.8965781929238257,24,42,20000,10
loocv_ref,Ridge,Augmented,LOCO,,R2,0.7453582167300901,0.5703556151134881,0.8627052948665567,0.7437435110299868,39,57,20000,10
loocv_ref,Ridge,Augmented,LOCO,,RMSE,4.489037109358558,3.23461136641733,6.1730644242498105,4.418274712992445,39,57,20000,10
loocv_ref,Ridge,Augmented,LOCO,,MAE,3.1740529687093346,2.4697195147491575,4.13527982033021,3.1578137816280654,39,57,20000,10
loocv_ref,Ridge,Augmented,LOOCV,,R2,0.7490613036370484,0.5718885174868639,0.8672256314805683,0.7473777510747597,39,57,20000,10
loocv_ref,Ridge,Augmented,LOOCV,,RMSE,4.456277005693021,3.1729301210321132,6.158356147260184,4.382514671038935,39,57,20000,10
loocv_ref,Ridge,Augmented,LOOCV,,MAE,3.0991574791094614,2.409838617868637,4.09113631126265,3.0927096247819463,39,57,20000,10
loocv_ref,Ridge,OFAT,LOCO,,R2,0.44454880884899217,-0.18499292158864575,0.7443669844337226,0.4259282221699103,24,42,20000,10
loocv_ref,Ridge,OFAT,LOCO,,RMSE,5.6276862320681005,3.491289641938911,7.9558303864809155,5.4995345824074455,24,42,20000,10
loocv_ref,Ridge,OFAT,LOCO,,MAE,3.8730064111217346,2.645928432424138,5.458452476189359,3.8261295857819944,24,42,20000,10
loocv_ref,Ridge,OFAT,LOOCV,,R2,0.4783214718399952,-0.07973612116211379,0.775744191738386,0.47150411758064315,24,42,20000,10
loocv_ref,Ridge,OFAT,LOOCV,,RMSE,5.454055649318838,3.2914094089112673,7.726275136411702,5.281914246853679,24,42,20000,10
loocv_ref,Ridge,OFAT,LOOCV,,MAE,3.646318429436019,2.5058350404473546,5.213951344496677,3.6086355853378667,24,42,20000,10
loocv_ref,XGBoost,Augmented,LOCO,,R2,0.7564950210475108,0.6201570132877499,0.8563068476202413,0.7513170595971597,39,57,20000,10
loocv_ref,XGBoost,Augmented,LOCO,,RMSE,4.389757726418538,3.1978858527175076,5.682793300240241,4.350967628074777,39,57,20000,10
loocv_ref,XGBoost,Augmented,LOCO,,MAE,3.2283980938426238,2.373266951328942,4.151034384934107,3.217305828197186,39,57,20000,10
loocv_ref,XGBoost,Augmented,LOOCV,,R2,0.7706813603010412,0.6286784076072099,0.876734599479086,0.7679423888738982,39,57,20000,10
loocv_ref,XGBoost,Augmented,LOOCV,,RMSE,4.259984481101726,3.035092890809583,5.6034915848515245,4.184411762034676,39,57,20000,10
loocv_ref,XGBoost,Augmented,LOOCV,,MAE,3.028334800109528,2.302144908078116,3.917960564020624,3.0128707574377094,39,57,20000,10
loocv_ref,XGBoost,OFAT,LOCO,,R2,0.5699081593700988,0.32205009531742174,0.7212058605927646,0.5520092965612443,24,42,20000,10
loocv_ref,XGBoost,OFAT,LOCO,,RMSE,4.952232603916811,3.494566023400962,6.691085769916685,4.86416508509551,24,42,20000,10
loocv_ref,XGBoost,OFAT,LOCO,,MAE,3.784283662977673,2.7816126722766135,4.842522050218922,3.7431741797650453,24,42,20000,10
loocv_ref,XGBoost,OFAT,LOOCV,,R2,0.6076664581210318,0.30956640533086727,0.8055508696613757,0.5889520657257317,24,42,20000,10
loocv_ref,XGBoost,OFAT,LOOCV,,RMSE,4.72983745380818,3.122413449518531,6.583996957598625,4.603650895093104,24,42,20000,10
loocv_ref,XGBoost,OFAT,LOOCV,,MAE,3.344710674512954,2.4281622764490485,4.561493714326318,3.325461479078757,24,42,20000,10
