part,step_id,variant,model,seed,cv,subset,target,train_mode,test_domain,n_added,n,n_total,n_groups,n_test,R2,RMSE,MAE
dopt,n_added=0,,Ridge,42,LOCO,dopt,Thickness_mean,,all,0,,42,24,42,0.4088206312525091,5.806068154268399,3.8387063724892414
dopt,n_added=0,,Ridge,43,LOCO,dopt,Thickness_mean,,all,0,,42,24,42,0.40087230285920195,5.844968746563621,3.990847699394448
dopt,n_added=0,,Ridge,44,LOCO,dopt,Thickness_mean,,all,0,,42,24,42,0.38802423275982734,5.907307897225572,3.919765587034826
dopt,n_added=0,,Ridge,45,LOCO,dopt,Thickness_mean,,all,0,,42,24,42,0.49719247942081235,5.35455491806264,3.7461393474713405
dopt,n_added=0,,Ridge,46,LOCO,dopt,Thickness_mean,,all,0,,42,24,42,0.4149608202354509,5.7758375587502435,3.907306449754228
dopt,n_added=0,,Ridge,47,LOCO,dopt,Thickness_mean,,all,0,,42,24,42,0.45395522903322905,5.5800311202453985,4.17951371523168
dopt,n_added=0,,Ridge,48,LOCO,dopt,Thickness_mean,,all,0,,42,24,42,0.48454909830323556,5.421458611055055,3.599164044239307
dopt,n_added=0,,Ridge,49,LOCO,dopt,Thickness_mean,,all,0,,42,24,42,0.48138580701342004,5.43806874945644,3.712768130522133
dopt,n_added=0,,Ridge,50,LOCO,dopt,Thickness_mean,,all,0,,42,24,42,0.48888256469053304,5.398621037238794,3.947440275785889
dopt,n_added=0,,Ridge,51,LOCO,dopt,Thickness_mean,,all,0,,42,24,42,0.4351423886647552,5.675341343890804,3.6911660829649473
dopt,n_added=0,,Random Forest,42,LOCO,dopt,Thickness_mean,,all,0,,42,24,42,0.6437130210326427,4.507362322971005,3.2782591576107585
dopt,n_added=0,,Random Forest,43,LOCO,dopt,Thickness_mean,,all,0,,42,24,42,0.574887088408091,4.923507939238718,3.293462398106532
dopt,n_added=0,,Random Forest,44,LOCO,dopt,Thickness_mean,,all,0,,42,24,42,0.6514278654003652,4.458295265943101,3.168926690450872
dopt,n_added=0,,Random Forest,45,LOCO,dopt,Thickness_mean,,all,0,,42,24,42,0.6601848730295756,4.4019372626782545,3.124472031926184
dopt,n_added=0,,Random Forest,46,LOCO,dopt,Thickness_mean,,all,0,,42,24,42,0.6790048888327084,4.278304621898085,3.0628053871145418
dopt,n_added=0,,Random Forest,47,LOCO,dopt,Thickness_mean,,all,0,,42,24,42,0.657455532631843,4.4195797338982326,3.303840417583385
dopt,n_added=0,,Random Forest,48,LOCO,dopt,Thickness_mean,,all,0,,42,24,42,0.6734254532588908,4.315326508679704,3.229676428019453
dopt,n_added=0,,Random Forest,49,LOCO,dopt,Thickness_mean,,all,0,,42,24,42,0.6700026376334194,4.3378819500179455,3.193482046409047
dopt,n_added=0,,Random Forest,50,LOCO,dopt,Thickness_mean,,all,0,,42,24,42,0.581477930934745,4.885192442875122,3.4396845834061764
dopt,n_added=0,,Random Forest,51,LOCO,dopt,Thickness_mean,,all,0,,42,24,42,0.6486560087389487,4.475986418058822,3.259677177005496
dopt,n_added=0,,XGBoost,42,LOCO,dopt,Thickness_mean,,all,0,,42,24,42,0.5433463931809539,5.102886877565243,3.8066788480395366
dopt,n_added=0,,XGBoost,43,LOCO,dopt,Thickness_mean,,all,0,,42,24,42,0.5836142935317814,4.8727081610121905,3.7169477462768556
dopt,n_added=0,,XGBoost,44,LOCO,dopt,Thickness_mean,,all,0,,42,24,42,0.5544302547584085,5.040578025234038,3.812237108321417
dopt,n_added=0,,XGBoost,45,LOCO,dopt,Thickness_mean,,all,0,,42,24,42,0.5628123697622085,4.99294092366343,3.76188847791581
dopt,n_added=0,,XGBoost,46,LOCO,dopt,Thickness_mean,,all,0,,42,24,42,0.5621989415619931,4.99644255194672,3.7074115065165927
dopt,n_added=0,,XGBoost,47,LOCO,dopt,Thickness_mean,,all,0,,42,24,42,0.567257858283684,4.967491010155737,3.838191725185939
dopt,n_added=0,,XGBoost,48,LOCO,dopt,Thickness_mean,,all,0,,42,24,42,0.5725584604565133,4.936974197677887,3.8517032900310704
dopt,n_added=0,,XGBoost,49,LOCO,dopt,Thickness_mean,,all,0,,42,24,42,0.5735724986518518,4.931114620842353,3.7504383250645232
dopt,n_added=0,,XGBoost,50,LOCO,dopt,Thickness_mean,,all,0,,42,24,42,0.5957978486109958,4.800890550251781,3.630529608499436
dopt,n_added=0,,XGBoost,51,LOCO,dopt,Thickness_mean,,all,0,,42,24,42,0.5793015594856481,4.897877804067625,3.817337851751419
dopt,n_added=0,,GPR,42,LOCO,dopt,Thickness_mean,,all,0,,42,24,42,0.22514506067776308,6.647107426761428,4.260291293034841
dopt,n_added=0,,GPR,43,LOCO,dopt,Thickness_mean,,all,0,,42,24,42,0.22514701719370667,6.647099034752029,4.260288530622574
dopt,n_added=0,,GPR,44,LOCO,dopt,Thickness_mean,,all,0,,42,24,42,0.22513946740727475,6.647131417705295,4.260298206890433
dopt,n_added=0,,GPR,45,LOCO,dopt,Thickness_mean,,all,0,,42,24,42,0.22514456604656685,6.647109548362522,4.260290832773229
dopt,n_added=0,,GPR,46,LOCO,dopt,Thickness_mean,,all,0,,42,24,42,0.2251555336750447,6.647062505209206,4.260275733739943
dopt,n_added=0,,GPR,47,LOCO,dopt,Thickness_mean,,all,0,,42,24,42,0.22514840197216734,6.647093095068058,4.260285414833179
dopt,n_added=0,,GPR,48,LOCO,dopt,Thickness_mean,,all,0,,42,24,42,0.2251498095947846,6.647087057393971,4.260289836475776
dopt,n_added=0,,GPR,49,LOCO,dopt,Thickness_mean,,all,0,,42,24,42,0.22516021640816486,6.647042419586783,4.260268318600741
dopt,n_added=0,,GPR,50,LOCO,dopt,Thickness_mean,,all,0,,42,24,42,0.22514582043325648,6.647104167972354,4.2602892138703305
dopt,n_added=0,,GPR,51,LOCO,dopt,Thickness_mean,,all,0,,42,24,42,0.22514250380068412,6.647118393861035,4.260293879912472
dopt,n_added=1,,Ridge,42,LOCO,dopt,Thickness_mean,,all,1,,43,25,43,0.6009097069341112,4.79674347597207,3.3285664655039966
dopt,n_added=1,,Ridge,43,LOCO,dopt,Thickness_mean,,all,1,,43,25,43,0.606460787796377,4.763266901464674,3.2126985163572526
dopt,n_added=1,,Ridge,44,LOCO,dopt,Thickness_mean,,all,1,,43,25,43,0.5938870195397792,4.838762950183118,3.4831960573490806
dopt,n_added=1,,Ridge,45,LOCO,dopt,Thickness_mean,,all,1,,43,25,43,0.5784055885939827,4.930129576834431,3.666351795096732
dopt,n_added=1,,Ridge,46,LOCO,dopt,Thickness_mean,,all,1,,43,25,43,0.5975531404608928,4.816872850896117,3.5243473654221904
dopt,n_added=1,,Ridge,47,LOCO,dopt,Thickness_mean,,all,1,,43,25,43,0.5563769048566201,5.057291477551081,3.8155089658080117
dopt,n_added=1,,Ridge,48,LOCO,dopt,Thickness_mean,,all,1,,43,25,43,0.6211279635458951,4.673660777541993,3.168785635700513
dopt,n_added=1,,Ridge,49,LOCO,dopt,Thickness_mean,,all,1,,43,25,43,0.6027177788221382,4.785865358216477,3.3689946838517084
dopt,n_added=1,,Ridge,50,LOCO,dopt,Thickness_mean,,all,1,,43,25,43,0.5517831147652987,5.083408582343103,3.6302036380195526
dopt,n_added=1,,Ridge,51,LOCO,dopt,Thickness_mean,,all,1,,43,25,43,0.6127946396432129,4.724780004246363,3.330530815256076
dopt,n_added=1,,Random Forest,42,LOCO,dopt,Thickness_mean,,all,1,,43,25,43,0.6500697676158527,4.491605901427604,3.302662755830111
dopt,n_added=1,,Random Forest,43,LOCO,dopt,Thickness_mean,,all,1,,43,25,43,0.6331612783624649,4.598842083164267,3.327914307682619
dopt,n_added=1,,Random Forest,44,LOCO,dopt,Thickness_mean,,all,1,,43,25,43,0.693616287222707,4.2028486281085184,3.0859966186403502
dopt,n_added=1,,Random Forest,45,LOCO,dopt,Thickness_mean,,all,1,,43,25,43,0.6613973325141687,4.41830913447979,3.2621751227427978
dopt,n_added=1,,Random Forest,46,LOCO,dopt,Thickness_mean,,all,1,,43,25,43,0.6922280185006338,4.212359722424755,3.076988085601334
dopt,n_added=1,,Random Forest,47,LOCO,dopt,Thickness_mean,,all,1,,43,25,43,0.6724648155275736,4.3455013680551255,3.19349037843737
dopt,n_added=1,,Random Forest,48,LOCO,dopt,Thickness_mean,,all,1,,43,25,43,0.6420829554338916,4.542574948481323,3.405023677605071
dopt,n_added=1,,Random Forest,49,LOCO,dopt,Thickness_mean,,all,1,,43,25,43,0.6383029111746942,4.566499535728221,3.379283001095219
dopt,n_added=1,,Random Forest,50,LOCO,dopt,Thickness_mean,,all,1,,43,25,43,0.6840086944508608,4.268236523895862,3.0999729201348
dopt,n_added=1,,Random Forest,51,LOCO,dopt,Thickness_mean,,all,1,,43,25,43,0.6422820934209417,4.541311073087136,3.4676678006721335
dopt,n_added=1,,XGBoost,42,LOCO,dopt,Thickness_mean,,all,1,,43,25,43,0.6329753656723295,4.60000727477918,3.3875578068577963
dopt,n_added=1,,XGBoost,43,LOCO,dopt,Thickness_mean,,all,1,,43,25,43,0.5991696151062404,4.807189352207348,3.6675875592786213
dopt,n_added=1,,XGBoost,44,LOCO,dopt,Thickness_mean,,all,1,,43,25,43,0.6238812533810063,4.6566479013384106,3.548778922945954
dopt,n_added=1,,XGBoost,45,LOCO,dopt,Thickness_mean,,all,1,,43,25,43,0.600222936989681,4.80086891237544,3.59089065041653
dopt,n_added=1,,XGBoost,46,LOCO,dopt,Thickness_mean,,all,1,,43,25,43,0.6091918140848457,4.746710413337506,3.5038397695851877
dopt,n_added=1,,XGBoost,47,LOCO,dopt,Thickness_mean,,all,1,,43,25,43,0.5963954691044846,4.823795940418821,3.741137126656466
dopt,n_added=1,,XGBoost,48,LOCO,dopt,Thickness_mean,,all,1,,43,25,43,0.6135583906256072,4.7201179606146715,3.545862909361374
dopt,n_added=1,,XGBoost,49,LOCO,dopt,Thickness_mean,,all,1,,43,25,43,0.6141957870118205,4.716223675331388,3.5774168617780817
dopt,n_added=1,,XGBoost,50,LOCO,dopt,Thickness_mean,,all,1,,43,25,43,0.6228852256941408,4.66280963042248,3.5681928193291954
dopt,n_added=1,,XGBoost,51,LOCO,dopt,Thickness_mean,,all,1,,43,25,43,0.624285400285443,4.654145399566845,3.52550063754237
dopt,n_added=1,,GPR,42,LOCO,dopt,Thickness_mean,,all,1,,43,25,43,0.25620177391869536,6.548449464102905,4.363789247425224
dopt,n_added=1,,GPR,43,LOCO,dopt,Thickness_mean,,all,1,,43,25,43,0.2562042119511059,6.548438731793688,4.363772266584372
dopt,n_added=1,,GPR,44,LOCO,dopt,Thickness_mean,,all,1,,43,25,43,0.25620797689592156,6.5484221583322295,4.363766766289275
dopt,n_added=1,,GPR,45,LOCO,dopt,Thickness_mean,,all,1,,43,25,43,0.2562039044931108,6.54844008523617,4.363769338346387
dopt,n_added=1,,GPR,46,LOCO,dopt,Thickness_mean,,all,1,,43,25,43,0.25620394017567805,6.548439928160086,4.363772870594223
dopt,n_added=1,,GPR,47,LOCO,dopt,Thickness_mean,,all,1,,43,25,43,0.25620383737194563,6.548440380706207,4.363773195612528
dopt,n_added=1,,GPR,48,LOCO,dopt,Thickness_mean,,all,1,,43,25,43,0.2562067794808588,6.548427429413344,4.3637648094894645
dopt,n_added=1,,GPR,49,LOCO,dopt,Thickness_mean,,all,1,,43,25,43,0.25620146762948415,6.548450812398144,4.363780936432906
dopt,n_added=1,,GPR,50,LOCO,dopt,Thickness_mean,,all,1,,43,25,43,0.25620301187646366,6.548444014569031,4.363774729237963
dopt,n_added=1,,GPR,51,LOCO,dopt,Thickness_mean,,all,1,,43,25,43,0.2562036069817115,6.5484413948930715,4.363773215355385
dopt,n_added=2,,Ridge,42,LOCO,dopt,Thickness_mean,,all,2,,44,26,44,0.6069284658673024,4.919652413691669,3.6028860055733145
dopt,n_added=2,,Ridge,43,LOCO,dopt,Thickness_mean,,all,2,,44,26,44,0.6197888195977626,4.838503557142275,3.4506494414190017
dopt,n_added=2,,Ridge,44,LOCO,dopt,Thickness_mean,,all,2,,44,26,44,0.6553531595880211,4.606655903641829,3.254831087781258
dopt,n_added=2,,Ridge,45,LOCO,dopt,Thickness_mean,,all,2,,44,26,44,0.6314742199746772,4.763570093004385,3.4398309547731145
dopt,n_added=2,,Ridge,46,LOCO,dopt,Thickness_mean,,all,2,,44,26,44,0.6372195031081868,4.726292422848243,3.304517351222924
dopt,n_added=2,,Ridge,47,LOCO,dopt,Thickness_mean,,all,2,,44,26,44,0.6450521630898407,4.674992192024456,3.2809900866562343
dopt,n_added=2,,Ridge,48,LOCO,dopt,Thickness_mean,,all,2,,44,26,44,0.6531048768876296,4.621657098360128,3.3241138582443144
dopt,n_added=2,,Ridge,49,LOCO,dopt,Thickness_mean,,all,2,,44,26,44,0.603091718776001,4.94360431981053,3.690157445391466
dopt,n_added=2,,Ridge,50,LOCO,dopt,Thickness_mean,,all,2,,44,26,44,0.631635446437533,4.762527971100984,3.3708357161348506
dopt,n_added=2,,Ridge,51,LOCO,dopt,Thickness_mean,,all,2,,44,26,44,0.6352354483599144,4.739198900570121,3.28925670278168
dopt,n_added=2,,Random Forest,42,LOCO,dopt,Thickness_mean,,all,2,,44,26,44,0.7031236126828377,4.275495475217246,3.0947238696935107
dopt,n_added=2,,Random Forest,43,LOCO,dopt,Thickness_mean,,all,2,,44,26,44,0.6942289507150541,4.339071481479174,3.126352465289006
dopt,n_added=2,,Random Forest,44,LOCO,dopt,Thickness_mean,,all,2,,44,26,44,0.7038641087824569,4.270159981139016,3.116036831824949
dopt,n_added=2,,Random Forest,45,LOCO,dopt,Thickness_mean,,all,2,,44,26,44,0.6885616316305938,4.379098163899256,3.165879387067697
dopt,n_added=2,,Random Forest,46,LOCO,dopt,Thickness_mean,,all,2,,44,26,44,0.6951204573739974,4.33274136150837,3.1932247892084926
dopt,n_added=2,,Random Forest,47,LOCO,dopt,Thickness_mean,,all,2,,44,26,44,0.7036403328887353,4.271773055482508,3.1200412719382906
dopt,n_added=2,,Random Forest,48,LOCO,dopt,Thickness_mean,,all,2,,44,26,44,0.661787570989387,4.563451136779172,3.4599151153374055
dopt,n_added=2,,Random Forest,49,LOCO,dopt,Thickness_mean,,all,2,,44,26,44,0.6888772430862948,4.37687871373303,3.28387936417362
dopt,n_added=2,,Random Forest,50,LOCO,dopt,Thickness_mean,,all,2,,44,26,44,0.6755511681534124,4.469631616038222,3.2897319441821096
dopt,n_added=2,,Random Forest,51,LOCO,dopt,Thickness_mean,,all,2,,44,26,44,0.6900857621940992,4.3683697119181195,3.3141076788529733
dopt,n_added=2,,XGBoost,42,LOCO,dopt,Thickness_mean,,all,2,,44,26,44,0.7078333996439605,4.241445651825671,3.0414572004838423
dopt,n_added=2,,XGBoost,43,LOCO,dopt,Thickness_mean,,all,2,,44,26,44,0.6468507835238433,4.663132399135781,3.614627765742215
dopt,n_added=2,,XGBoost,44,LOCO,dopt,Thickness_mean,,all,2,,44,26,44,0.6816834134685485,4.4271909847768915,3.3041364448720754
dopt,n_added=2,,XGBoost,45,LOCO,dopt,Thickness_mean,,all,2,,44,26,44,0.6558338647647427,4.603442155853313,3.533942193118009
dopt,n_added=2,,XGBoost,46,LOCO,dopt,Thickness_mean,,all,2,,44,26,44,0.6669355744387228,4.52858732962747,3.2988946535370562
dopt,n_added=2,,XGBoost,47,LOCO,dopt,Thickness_mean,,all,2,,44,26,44,0.6660069233937673,4.534896244183254,3.4003858655149286
dopt,n_added=2,,XGBoost,48,LOCO,dopt,Thickness_mean,,all,2,,44,26,44,0.6464481725704394,4.665789765064351,3.553828677697615
dopt,n_added=2,,XGBoost,49,LOCO,dopt,Thickness_mean,,all,2,,44,26,44,0.6210390167188401,4.830542107929649,3.769549668918956
dopt,n_added=2,,XGBoost,50,LOCO,dopt,Thickness_mean,,all,2,,44,26,44,0.6775374111789878,4.455929295808805,3.2588930474628097
dopt,n_added=2,,XGBoost,51,LOCO,dopt,Thickness_mean,,all,2,,44,26,44,0.6295800227442159,4.7757966140325046,3.7542601654746317
dopt,n_added=2,,GPR,42,LOCO,dopt,Thickness_mean,,all,2,,44,26,44,0.4396396867507574,5.873977891949186,4.254727127640886
dopt,n_added=2,,GPR,43,LOCO,dopt,Thickness_mean,,all,2,,44,26,44,0.43655430175578125,5.890126969568557,4.294141573656165
dopt,n_added=2,,GPR,44,LOCO,dopt,Thickness_mean,,all,2,,44,26,44,0.43568519550021045,5.894667933925368,4.300166788047415
dopt,n_added=2,,GPR,45,LOCO,dopt,Thickness_mean,,all,2,,44,26,44,0.4573139680879309,5.7806003477592265,4.102446225269816
dopt,n_added=2,,GPR,46,LOCO,dopt,Thickness_mean,,all,2,,44,26,44,0.4702068166420984,5.7115213687541315,3.964426801154335
dopt,n_added=2,,GPR,47,LOCO,dopt,Thickness_mean,,all,2,,44,26,44,0.4573140934736297,5.780599679965499,4.102442064658142
dopt,n_added=2,,GPR,48,LOCO,dopt,Thickness_mean,,all,2,,44,26,44,0.4876972849832738,5.616450707465574,3.8351910350253955
dopt,n_added=2,,GPR,49,LOCO,dopt,Thickness_mean,,all,2,,44,26,44,0.45731275405957617,5.780606813568545,4.10245251359878
dopt,n_added=2,,GPR,50,LOCO,dopt,Thickness_mean,,all,2,,44,26,44,0.45731305059300387,5.780605234257994,4.102450687082861
dopt,n_added=2,,GPR,51,LOCO,dopt,Thickness_mean,,all,2,,44,26,44,0.4381138013358856,5.881970003099119,4.270571409094618
dopt,n_added=3,,Ridge,42,LOCO,dopt,Thickness_mean,,all,3,,45,27,45,0.6471630575550474,4.761417749374917,3.356477637198418
dopt,n_added=3,,Ridge,43,LOCO,dopt,Thickness_mean,,all,3,,45,27,45,0.6511303596250877,4.734573362288537,3.3871013419446916
dopt,n_added=3,,Ridge,44,LOCO,dopt,Thickness_mean,,all,3,,45,27,45,0.6733985051748571,4.580979471797571,3.237428005005793
dopt,n_added=3,,Ridge,45,LOCO,dopt,Thickness_mean,,all,3,,45,27,45,0.6728479837094425,4.58483870961864,3.19469743531229
dopt,n_added=3,,Ridge,46,LOCO,dopt,Thickness_mean,,all,3,,45,27,45,0.6570260930336209,4.694396862651408,3.348560298270441
dopt,n_added=3,,Ridge,47,LOCO,dopt,Thickness_mean,,all,3,,45,27,45,0.6634275217252913,4.6503812815364585,3.3683807101596837
dopt,n_added=3,,Ridge,48,LOCO,dopt,Thickness_mean,,all,3,,45,27,45,0.6669735376632491,4.625818978196404,3.347161959498415
dopt,n_added=3,,Ridge,49,LOCO,dopt,Thickness_mean,,all,3,,45,27,45,0.6483201244465358,4.7536042209846,3.400329577449463
dopt,n_added=3,,Ridge,50,LOCO,dopt,Thickness_mean,,all,3,,45,27,45,0.6255982976761949,4.904764603352465,3.5852484268281843
dopt,n_added=3,,Ridge,51,LOCO,dopt,Thickness_mean,,all,3,,45,27,45,0.6587631337382842,4.6824940484322415,3.267794892170927
dopt,n_added=3,,Random Forest,42,LOCO,dopt,Thickness_mean,,all,3,,45,27,45,0.702038377347457,4.375517517764199,3.1135655065628605
dopt,n_added=3,,Random Forest,43,LOCO,dopt,Thickness_mean,,all,3,,45,27,45,0.7120231544574147,4.301580420163198,3.102842143601814
dopt,n_added=3,,Random Forest,44,LOCO,dopt,Thickness_mean,,all,3,,45,27,45,0.7240950199335097,4.210455011792624,3.071228111857598
dopt,n_added=3,,Random Forest,45,LOCO,dopt,Thickness_mean,,all,3,,45,27,45,0.7103304028813953,4.314204417817025,3.1186800987286696
dopt,n_added=3,,Random Forest,46,LOCO,dopt,Thickness_mean,,all,3,,45,27,45,0.6949864738837954,4.426992753131295,3.1685744423141076
dopt,n_added=3,,Random Forest,47,LOCO,dopt,Thickness_mean,,all,3,,45,27,45,0.6694667236990002,4.608470966664721,3.3685629976016216
dopt,n_added=3,,Random Forest,48,LOCO,dopt,Thickness_mean,,all,3,,45,27,45,0.7134848199793073,4.290649905387674,3.1065985389976825
dopt,n_added=3,,Random Forest,49,LOCO,dopt,Thickness_mean,,all,3,,45,27,45,0.706389063468871,4.343455493222893,3.1943393144043317
dopt,n_added=3,,Random Forest,50,LOCO,dopt,Thickness_mean,,all,3,,45,27,45,0.7312401050805719,4.155578521110932,2.9660278644861604
dopt,n_added=3,,Random Forest,51,LOCO,dopt,Thickness_mean,,all,3,,45,27,45,0.7230439606612094,4.218467246865747,3.096860748238527
dopt,n_added=3,,XGBoost,42,LOCO,dopt,Thickness_mean,,all,3,,45,27,45,0.6697515886272719,4.606484669338986,3.5636880201763574
dopt,n_added=3,,XGBoost,43,LOCO,dopt,Thickness_mean,,all,3,,45,27,45,0.6826649552188884,4.515525295719441,3.437829918543497
dopt,n_added=3,,XGBoost,44,LOCO,dopt,Thickness_mean,,all,3,,45,27,45,0.6472634063358398,4.760740614435574,3.6971500684950085
dopt,n_added=3,,XGBoost,45,LOCO,dopt,Thickness_mean,,all,3,,45,27,45,0.6453350994884017,4.773735660525095,3.6953627548217765
dopt,n_added=3,,XGBoost,46,LOCO,dopt,Thickness_mean,,all,3,,45,27,45,0.6722653782131067,4.588919326477056,3.5234450734456377
dopt,n_added=3,,XGBoost,47,LOCO,dopt,Thickness_mean,,all,3,,45,27,45,0.6415349561406514,4.799242194544927,3.7177410572899707
dopt,n_added=3,,XGBoost,48,LOCO,dopt,Thickness_mean,,all,3,,45,27,45,0.6750265604442605,4.569547488995159,3.4477427755991616
dopt,n_added=3,,XGBoost,49,LOCO,dopt,Thickness_mean,,all,3,,45,27,45,0.6070614114038542,5.024716946367271,3.9952534440358476
dopt,n_added=3,,XGBoost,50,LOCO,dopt,Thickness_mean,,all,3,,45,27,45,0.6800733092088802,4.533926740469393,3.3851387549506287
dopt,n_added=3,,XGBoost,51,LOCO,dopt,Thickness_mean,,all,3,,45,27,45,0.6278841349046747,4.889769134184342,3.828605962753296
dopt,n_added=3,,GPR,42,LOCO,dopt,Thickness_mean,,all,3,,45,27,45,0.6693285635588139,4.6094340171649275,3.4426606387017475
dopt,n_added=3,,GPR,43,LOCO,dopt,Thickness_mean,,all,3,,45,27,45,0.6693286889936276,4.609433142908055,3.4426556774815267
dopt,n_added=3,,GPR,44,LOCO,dopt,Thickness_mean,,all,3,,45,27,45,0.7177563772330443,4.2585458798686,3.2028314563031404
dopt,n_added=3,,GPR,45,LOCO,dopt,Thickness_mean,,all,3,,45,27,45,0.6440276854971466,4.782526363420046,3.5786601951936734
dopt,n_added=3,,GPR,46,LOCO,dopt,Thickness_mean,,all,3,,45,27,45,0.6106028788174727,5.002022371627611,3.617314773380194
dopt,n_added=3,,GPR,47,LOCO,dopt,Thickness_mean,,all,3,,45,27,45,0.6693285971726275,4.609433782883035,3.442659919006518
dopt,n_added=3,,GPR,48,LOCO,dopt,Thickness_mean,,all,3,,45,27,45,0.6693276694811603,4.6094402487118815,3.4426640305797256
dopt,n_added=3,,GPR,49,LOCO,dopt,Thickness_mean,,all,3,,45,27,45,0.6693284039041625,4.609435129927342,3.4426591860753644
dopt,n_added=3,,GPR,50,LOCO,dopt,Thickness_mean,,all,3,,45,27,45,0.6693287329381257,4.609432836623195,3.442659691780254
dopt,n_added=3,,GPR,51,LOCO,dopt,Thickness_mean,,all,3,,45,27,45,0.6693304999018992,4.609420521202216,3.4426540124149936
dopt,n_added=4,,Ridge,42,LOCO,dopt,Thickness_mean,,all,4,,46,28,46,0.6737934709609815,4.7515643247267345,3.421796659909891
dopt,n_added=4,,Ridge,43,LOCO,dopt,Thickness_mean,,all,4,,46,28,46,0.6630621719427161,4.829088608952887,3.447300596932627
dopt,n_added=4,,Ridge,44,LOCO,dopt,Thickness_mean,,all,4,,46,28,46,0.6803087238246953,4.7038740102989065,3.29619217495357
dopt,n_added=4,,Ridge,45,LOCO,dopt,Thickness_mean,,all,4,,46,28,46,0.665716230690047,4.8100316451105884,3.437342701857347
dopt,n_added=4,,Ridge,46,LOCO,dopt,Thickness_mean,,all,4,,46,28,46,0.6690210021515812,4.786196299539477,3.4258764393304584
dopt,n_added=4,,Ridge,47,LOCO,dopt,Thickness_mean,,all,4,,46,28,46,0.6475946977627325,4.938687030855915,3.734675674388796
dopt,n_added=4,,Ridge,48,LOCO,dopt,Thickness_mean,,all,4,,46,28,46,0.675386894542267,4.739945116555428,3.4567847956846203
dopt,n_added=4,,Ridge,49,LOCO,dopt,Thickness_mean,,all,4,,46,28,46,0.6497763069096189,4.923376518448822,3.712459941024693
dopt,n_added=4,,Ridge,50,LOCO,dopt,Thickness_mean,,all,4,,46,28,46,0.6651053533353004,4.8144246167506255,3.4323531490289536
dopt,n_added=4,,Ridge,51,LOCO,dopt,Thickness_mean,,all,4,,46,28,46,0.671937020883576,4.765065782489118,3.394523710932238
dopt,n_added=4,,Random Forest,42,LOCO,dopt,Thickness_mean,,all,4,,46,28,46,0.7033070801292477,4.531519776256679,3.3571482731003264
dopt,n_added=4,,Random Forest,43,LOCO,dopt,Thickness_mean,,all,4,,46,28,46,0.739732280150524,4.244244963827772,3.0621977684730273
dopt,n_added=4,,Random Forest,44,LOCO,dopt,Thickness_mean,,all,4,,46,28,46,0.7366037370471621,4.269677696055018,3.1747268237822586
dopt,n_added=4,,Random Forest,45,LOCO,dopt,Thickness_mean,,all,4,,46,28,46,0.7077325958965615,4.4975963875574285,3.3102394595318994
dopt,n_added=4,,Random Forest,46,LOCO,dopt,Thickness_mean,,all,4,,46,28,46,0.7426038127733648,4.220766657072696,3.070627808187758
dopt,n_added=4,,Random Forest,47,LOCO,dopt,Thickness_mean,,all,4,,46,28,46,0.7433872513932948,4.214338373028344,3.0518378746484007
dopt,n_added=4,,Random Forest,48,LOCO,dopt,Thickness_mean,,all,4,,46,28,46,0.7442007195527387,4.207653297355771,3.1226894681621578
dopt,n_added=4,,Random Forest,49,LOCO,dopt,Thickness_mean,,all,4,,46,28,46,0.7130436056688388,4.4565444408334915,3.3403405542977778
dopt,n_added=4,,Random Forest,50,LOCO,dopt,Thickness_mean,,all,4,,46,28,46,0.7375613690714393,4.261908976742943,3.1753736977177875
dopt,n_added=4,,Random Forest,51,LOCO,dopt,Thickness_mean,,all,4,,46,28,46,0.74967185238296,4.162412634807371,3.035046977819974
dopt,n_added=4,,XGBoost,42,LOCO,dopt,Thickness_mean,,all,4,,46,28,46,0.6284798360348729,5.070858398069449,3.8376392082546067
dopt,n_added=4,,XGBoost,43,LOCO,dopt,Thickness_mean,,all,4,,46,28,46,0.6713560294422738,4.769283322988223,3.684693688517031
dopt,n_added=4,,XGBoost,44,LOCO,dopt,Thickness_mean,,all,4,,46,28,46,0.6590304947134877,4.857894266971714,3.672385740072831
dopt,n_added=4,,XGBoost,45,LOCO,dopt,Thickness_mean,,all,4,,46,28,46,0.6616593043526919,4.839131314697471,3.6962430174454397
dopt,n_added=4,,XGBoost,46,LOCO,dopt,Thickness_mean,,all,4,,46,28,46,0.6623023530924048,4.834530512448644,3.6915175091702004
dopt,n_added=4,,XGBoost,47,LOCO,dopt,Thickness_mean,,all,4,,46,28,46,0.6400864724212276,4.99102072696346,3.7097517560875928
dopt,n_added=4,,XGBoost,48,LOCO,dopt,Thickness_mean,,all,4,,46,28,46,0.6421329130380649,4.9768112197704415,3.946478709759919
dopt,n_added=4,,XGBoost,49,LOCO,dopt,Thickness_mean,,all,4,,46,28,46,0.6260382254259287,5.087493815889728,3.973661323630291
dopt,n_added=4,,XGBoost,50,LOCO,dopt,Thickness_mean,,all,4,,46,28,46,0.6670995498730732,4.800068991273049,3.549083153061244
dopt,n_added=4,,XGBoost,51,LOCO,dopt,Thickness_mean,,all,4,,46,28,46,0.6861578024891293,4.660644272939143,3.534576675891876
dopt,n_added=4,,GPR,42,LOCO,dopt,Thickness_mean,,all,4,,46,28,46,0.7515954453900779,4.146389209338697,3.1010696975793213
dopt,n_added=4,,GPR,43,LOCO,dopt,Thickness_mean,,all,4,,46,28,46,0.7515958031034327,4.146386223847288,3.1010681177948403
dopt,n_added=4,,GPR,44,LOCO,dopt,Thickness_mean,,all,4,,46,28,46,0.7515953643832931,4.146389885424592,3.101067957045539
dopt,n_added=4,,GPR,45,LOCO,dopt,Thickness_mean,,all,4,,46,28,46,0.7515954805507642,4.146388915886157,3.1010697439959416
dopt,n_added=4,,GPR,46,LOCO,dopt,Thickness_mean,,all,4,,46,28,46,0.7515954657819353,4.146389039147416,3.1010677421743145
dopt,n_added=4,,GPR,47,LOCO,dopt,Thickness_mean,,all,4,,46,28,46,0.7515954934340092,4.1463888083620555,3.101070713266465
dopt,n_added=4,,GPR,48,LOCO,dopt,Thickness_mean,,all,4,,46,28,46,0.7515955410248913,4.146388411166544,3.101069478812957
dopt,n_added=4,,GPR,49,LOCO,dopt,Thickness_mean,,all,4,,46,28,46,0.7515956662673566,4.146387365887457,3.1010702508380676
dopt,n_added=4,,GPR,50,LOCO,dopt,Thickness_mean,,all,4,,46,28,46,0.7515954198474439,4.1463894225185625,3.1010695620962103
dopt,n_added=4,,GPR,51,LOCO,dopt,Thickness_mean,,all,4,,46,28,46,0.7515954643841136,4.146389050813694,3.101070530752575
dopt,n_added=5,,Ridge,42,LOCO,dopt,Thickness_mean,,all,5,,47,29,47,0.6932971732412949,4.687876209133886,3.3601363602454213
dopt,n_added=5,,Ridge,43,LOCO,dopt,Thickness_mean,,all,5,,47,29,47,0.6915201950593031,4.701436929588621,3.3652338416806713
dopt,n_added=5,,Ridge,44,LOCO,dopt,Thickness_mean,,all,5,,47,29,47,0.6992153779234824,4.642426749229152,3.2808168271407485
dopt,n_added=5,,Ridge,45,LOCO,dopt,Thickness_mean,,all,5,,47,29,47,0.6896833171886649,4.7154137726334175,3.352927950774203
dopt,n_added=5,,Ridge,46,LOCO,dopt,Thickness_mean,,all,5,,47,29,47,0.6900537971335173,4.712598120013988,3.4590428218810856
dopt,n_added=5,,Ridge,47,LOCO,dopt,Thickness_mean,,all,5,,47,29,47,0.6884938027387042,4.7244427553051915,3.455743465017169
dopt,n_added=5,,Ridge,48,LOCO,dopt,Thickness_mean,,all,5,,47,29,47,0.6874647868205046,4.732239580250353,3.4605812917079652
dopt,n_added=5,,Ridge,49,LOCO,dopt,Thickness_mean,,all,5,,47,29,47,0.6673993217158938,4.881786823424474,3.672956643392626
dopt,n_added=5,,Ridge,50,LOCO,dopt,Thickness_mean,,all,5,,47,29,47,0.6985934556987525,4.6472237655075554,3.3113884178645363
dopt,n_added=5,,Ridge,51,LOCO,dopt,Thickness_mean,,all,5,,47,29,47,0.6924854674249744,4.694075470646235,3.359591811588601
dopt,n_added=5,,Random Forest,42,LOCO,dopt,Thickness_mean,,all,5,,47,29,47,0.7460040388746094,4.26609626336435,3.1426301717353686
dopt,n_added=5,,Random Forest,43,LOCO,dopt,Thickness_mean,,all,5,,47,29,47,0.7239177661898087,4.447710133979726,3.2351514253888034
dopt,n_added=5,,Random Forest,44,LOCO,dopt,Thickness_mean,,all,5,,47,29,47,0.7532998305602362,4.204380076883834,3.1217035472974093
dopt,n_added=5,,Random Forest,45,LOCO,dopt,Thickness_mean,,all,5,,47,29,47,0.7291837977408802,4.405087783370361,3.1427235926052157
dopt,n_added=5,,Random Forest,46,LOCO,dopt,Thickness_mean,,all,5,,47,29,47,0.7438270132768221,4.284339830587044,3.125059116602186
dopt,n_added=5,,Random Forest,47,LOCO,dopt,Thickness_mean,,all,5,,47,29,47,0.7278540551585813,4.415889315776502,3.2465810238300903
dopt,n_added=5,,Random Forest,48,LOCO,dopt,Thickness_mean,,all,5,,47,29,47,0.7593423787085745,4.1525708923507825,3.0097752889250238
dopt,n_added=5,,Random Forest,49,LOCO,dopt,Thickness_mean,,all,5,,47,29,47,0.7509110126298459,4.224686715782557,3.07009749819835
dopt,n_added=5,,Random Forest,50,LOCO,dopt,Thickness_mean,,all,5,,47,29,47,0.7326331307129808,4.376944511822329,3.1871535650371894
dopt,n_added=5,,Random Forest,51,LOCO,dopt,Thickness_mean,,all,5,,47,29,47,0.7558223263643106,4.182830069715427,3.078494845022518
dopt,n_added=5,,XGBoost,42,LOCO,dopt,Thickness_mean,,all,5,,47,29,47,0.6540683816331239,4.978658924564231,3.8427007104995403
dopt,n_added=5,,XGBoost,43,LOCO,dopt,Thickness_mean,,all,5,,47,29,47,0.7305553444892692,4.393918856159942,3.251126932387656
dopt,n_added=5,,XGBoost,44,LOCO,dopt,Thickness_mean,,all,5,,47,29,47,0.6551830819022328,4.970631051287231,3.984407547484053
dopt,n_added=5,,XGBoost,45,LOCO,dopt,Thickness_mean,,all,5,,47,29,47,0.6843970117866881,4.75540816192093,3.626218750933383
dopt,n_added=5,,XGBoost,46,LOCO,dopt,Thickness_mean,,all,5,,47,29,47,0.7126973338747653,4.537191122417018,3.4344195186330917
dopt,n_added=5,,XGBoost,47,LOCO,dopt,Thickness_mean,,all,5,,47,29,47,0.692569900052958,4.693431012751633,3.5813792269280613
dopt,n_added=5,,XGBoost,48,LOCO,dopt,Thickness_mean,,all,5,,47,29,47,0.6946953965689302,4.677178255107829,3.5740138032588553
dopt,n_added=5,,XGBoost,49,LOCO,dopt,Thickness_mean,,all,5,,47,29,47,0.6650702332898186,4.898849743122227,3.719790160199429
dopt,n_added=5,,XGBoost,50,LOCO,dopt,Thickness_mean,,all,5,,47,29,47,0.6999395634039489,4.6368347012000015,3.5500106641079516
dopt,n_added=5,,XGBoost,51,LOCO,dopt,Thickness_mean,,all,5,,47,29,47,0.6981127177104829,4.650928407825278,3.4705125617980954
dopt,n_added=5,,GPR,42,LOCO,dopt,Thickness_mean,,all,5,,47,29,47,0.759076568135608,4.154863553226426,3.150450324787867
dopt,n_added=5,,GPR,43,LOCO,dopt,Thickness_mean,,all,5,,47,29,47,0.7590764812916807,4.154864302063169,3.1504514368669767
dopt,n_added=5,,GPR,44,LOCO,dopt,Thickness_mean,,all,5,,47,29,47,0.75907650568138,4.154864091755986,3.150451381055933
dopt,n_added=5,,GPR,45,LOCO,dopt,Thickness_mean,,all,5,,47,29,47,0.759076535245591,4.154863836830074,3.1504519022782933
dopt,n_added=5,,GPR,46,LOCO,dopt,Thickness_mean,,all,5,,47,29,47,0.7590770601634483,4.1548593105723,3.1504466274638743
dopt,n_added=5,,GPR,47,LOCO,dopt,Thickness_mean,,all,5,,47,29,47,0.7590765515633997,4.15486369612507,3.1504507534768926
dopt,n_added=5,,GPR,48,LOCO,dopt,Thickness_mean,,all,5,,47,29,47,0.7590764921169083,4.154864208719538,3.15045093212416
dopt,n_added=5,,GPR,49,LOCO,dopt,Thickness_mean,,all,5,,47,29,47,0.759076548763371,4.154863720269124,3.150450353247431
dopt,n_added=5,,GPR,50,LOCO,dopt,Thickness_mean,,all,5,,47,29,47,0.7590764987638402,4.1548641514044595,3.1504518779930373
dopt,n_added=5,,GPR,51,LOCO,dopt,Thickness_mean,,all,5,,47,29,47,0.7590765480485734,4.154863726432672,3.150450791268622
dopt,n_added=6,,Ridge,42,LOCO,dopt,Thickness_mean,,all,6,,48,30,48,0.692526849782116,4.727695964787142,3.4411253349949047
dopt,n_added=6,,Ridge,43,LOCO,dopt,Thickness_mean,,all,6,,48,30,48,0.7036541332659592,4.641361313315525,3.3396074850616557
dopt,n_added=6,,Ridge,44,LOCO,dopt,Thickness_mean,,all,6,,48,30,48,0.6813767068659711,4.812654688233977,3.54519182791816
dopt,n_added=6,,Ridge,45,LOCO,dopt,Thickness_mean,,all,6,,48,30,48,0.6980024485260214,4.6854105569614255,3.365367931750123
dopt,n_added=6,,Ridge,46,LOCO,dopt,Thickness_mean,,all,6,,48,30,48,0.69772932515956,4.687528795823686,3.4170963613597323
dopt,n_added=6,,Ridge,47,LOCO,dopt,Thickness_mean,,all,6,,48,30,48,0.6861342867457412,4.776589050764685,3.6005650216234364
dopt,n_added=6,,Ridge,48,LOCO,dopt,Thickness_mean,,all,6,,48,30,48,0.7005058702412499,4.665950187294924,3.4200431681783066
dopt,n_added=6,,Ridge,49,LOCO,dopt,Thickness_mean,,all,6,,48,30,48,0.6810335113711636,4.815245893769298,3.6403952271055933
dopt,n_added=6,,Ridge,50,LOCO,dopt,Thickness_mean,,all,6,,48,30,48,0.7023461671965661,4.651592701714589,3.3345302122236355
dopt,n_added=6,,Ridge,51,LOCO,dopt,Thickness_mean,,all,6,,48,30,48,0.6982115532727124,4.683788174203329,3.3820444682622934
dopt,n_added=6,,Random Forest,42,LOCO,dopt,Thickness_mean,,all,6,,48,30,48,0.7470879924040085,4.287761943577507,3.074659411388348
dopt,n_added=6,,Random Forest,43,LOCO,dopt,Thickness_mean,,all,6,,48,30,48,0.7654088195181974,4.12954098885167,2.9759475827750648
dopt,n_added=6,,Random Forest,44,LOCO,dopt,Thickness_mean,,all,6,,48,30,48,0.7392276261356603,4.35388276770994,3.2308340903216437
dopt,n_added=6,,Random Forest,45,LOCO,dopt,Thickness_mean,,all,6,,48,30,48,0.7617032591257583,4.162027947941306,2.9834430000562295
dopt,n_added=6,,Random Forest,46,LOCO,dopt,Thickness_mean,,all,6,,48,30,48,0.7686877960753152,4.100579291486418,2.9788815763946097
dopt,n_added=6,,Random Forest,47,LOCO,dopt,Thickness_mean,,all,6,,48,30,48,0.7322358817544212,4.411864140883395,3.2726719673030247
dopt,n_added=6,,Random Forest,48,LOCO,dopt,Thickness_mean,,all,6,,48,30,48,0.7614319135404787,4.16439689892777,3.0780117859150735
dopt,n_added=6,,Random Forest,49,LOCO,dopt,Thickness_mean,,all,6,,48,30,48,0.7586753536422132,4.1883867792500356,3.059505235923378
dopt,n_added=6,,Random Forest,50,LOCO,dopt,Thickness_mean,,all,6,,48,30,48,0.7395673311740347,4.351045968156881,3.1606999651570686
dopt,n_added=6,,Random Forest,51,LOCO,dopt,Thickness_mean,,all,6,,48,30,48,0.7655841985037712,4.127997089978226,3.015779069647138
dopt,n_added=6,,XGBoost,42,LOCO,dopt,Thickness_mean,,all,6,,48,30,48,0.6458724259703714,5.0737120154932125,3.861259092489879
dopt,n_added=6,,XGBoost,43,LOCO,dopt,Thickness_mean,,all,6,,48,30,48,0.7087358455083936,4.601394412258349,3.5736740128199265
dopt,n_added=6,,XGBoost,44,LOCO,dopt,Thickness_mean,,all,6,,48,30,48,0.6697846701975243,4.899418709486872,3.71618533829848
dopt,n_added=6,,XGBoost,45,LOCO,dopt,Thickness_mean,,all,6,,48,30,48,0.6831997858256853,4.79886656265973,3.6400603791077937
dopt,n_added=6,,XGBoost,46,LOCO,dopt,Thickness_mean,,all,6,,48,30,48,0.6806922696309434,4.8178209662350335,3.7442316047350572
dopt,n_added=6,,XGBoost,47,LOCO,dopt,Thickness_mean,,all,6,,48,30,48,0.657808811752578,4.987470635933987,3.813586511611939
dopt,n_added=6,,XGBoost,48,LOCO,dopt,Thickness_mean,,all,6,,48,30,48,0.6886660304053351,4.757285278305698,3.695622598131498
dopt,n_added=6,,XGBoost,49,LOCO,dopt,Thickness_mean,,all,6,,48,30,48,0.6674361534839872,4.916810362112386,3.753173626462619
dopt,n_added=6,,XGBoost,50,LOCO,dopt,Thickness_mean,,all,6,,48,30,48,0.6907213514659412,4.741556285630476,3.5293784769376124
dopt,n_added=6,,XGBoost,51,LOCO,dopt,Thickness_mean,,all,6,,48,30,48,0.7047273435306991,4.6329493947833615,3.46370942970117
dopt,n_added=6,,GPR,42,LOCO,dopt,Thickness_mean,,all,6,,48,30,48,0.7170917418213467,4.5349108437104055,3.414867157500467
dopt,n_added=6,,GPR,43,LOCO,dopt,Thickness_mean,,all,6,,48,30,48,0.7170867455381544,4.534950887785007,3.4148681665175906
dopt,n_added=6,,GPR,44,LOCO,dopt,Thickness_mean,,all,6,,48,30,48,0.718658447451114,4.522336565804683,3.408361537554535
dopt,n_added=6,,GPR,45,LOCO,dopt,Thickness_mean,,all,6,,48,30,48,0.7170918744835848,4.534909780447891,3.4148662198747908
dopt,n_added=6,,GPR,46,LOCO,dopt,Thickness_mean,,all,6,,48,30,48,0.7170910805491337,4.534916143677251,3.4148889652391703
dopt,n_added=6,,GPR,47,LOCO,dopt,Thickness_mean,,all,6,,48,30,48,0.7170913992582009,4.534913589287479,3.414869482426147
dopt,n_added=6,,GPR,48,LOCO,dopt,Thickness_mean,,all,6,,48,30,48,0.7170916130642507,4.534911875673714,3.4148734323592045
dopt,n_added=6,,GPR,49,LOCO,dopt,Thickness_mean,,all,6,,48,30,48,0.7170916086482692,4.534911911066952,3.4148676662670865
dopt,n_added=6,,GPR,50,LOCO,dopt,Thickness_mean,,all,6,,48,30,48,0.717091710332523,4.534911096087281,3.4148671972761035
dopt,n_added=6,,GPR,51,LOCO,dopt,Thickness_mean,,all,6,,48,30,48,0.7170915845091619,4.5349121045372165,3.4148685836609722
dopt,n_added=7,,Ridge,42,LOCO,dopt,Thickness_mean,,all,7,,49,31,49,0.706555050316286,4.639802416523334,3.347455730519003
dopt,n_added=7,,Ridge,43,LOCO,dopt,Thickness_mean,,all,7,,49,31,49,0.6940114596268054,4.7379311779099895,3.5462963165897916
dopt,n_added=7,,Ridge,44,LOCO,dopt,Thickness_mean,,all,7,,49,31,49,0.7137563274054692,4.582517315799255,3.3229557399616283
dopt,n_added=7,,Ridge,45,LOCO,dopt,Thickness_mean,,all,7,,49,31,49,0.7124636627841274,4.59285288979933,3.295854342053443
dopt,n_added=7,,Ridge,46,LOCO,dopt,Thickness_mean,,all,7,,49,31,49,0.7159195276755226,4.565168980809276,3.225596873829937
dopt,n_added=7,,Ridge,47,LOCO,dopt,Thickness_mean,,all,7,,49,31,49,0.7087142734015788,4.622700629841211,3.423395402046295
dopt,n_added=7,,Ridge,48,LOCO,dopt,Thickness_mean,,all,7,,49,31,49,0.7039919572593553,4.660021524026752,3.3840652408951972
dopt,n_added=7,,Ridge,49,LOCO,dopt,Thickness_mean,,all,7,,49,31,49,0.6899765070460296,4.769067501751493,3.6345364259750363
dopt,n_added=7,,Ridge,50,LOCO,dopt,Thickness_mean,,all,7,,49,31,49,0.7147143511749892,4.574842316435693,3.2693194653172415
dopt,n_added=7,,Ridge,51,LOCO,dopt,Thickness_mean,,all,7,,49,31,49,0.7092383319032198,4.618540357043381,3.317917561717606
dopt,n_added=7,,Random Forest,42,LOCO,dopt,Thickness_mean,,all,7,,49,31,49,0.756723621489164,4.224605285567003,3.040859302321273
dopt,n_added=7,,Random Forest,43,LOCO,dopt,Thickness_mean,,all,7,,49,31,49,0.7347736917678598,4.411075255129609,3.174153850550628
dopt,n_added=7,,Random Forest,44,LOCO,dopt,Thickness_mean,,all,7,,49,31,49,0.7439668835039963,4.333953409435703,3.1644370736800838
dopt,n_added=7,,Random Forest,45,LOCO,dopt,Thickness_mean,,all,7,,49,31,49,0.7589801239479291,4.20496704374164,3.0248299292247682
dopt,n_added=7,,Random Forest,46,LOCO,dopt,Thickness_mean,,all,7,,49,31,49,0.7668032904618631,4.136160435614421,3.0302670160417255
dopt,n_added=7,,Random Forest,47,LOCO,dopt,Thickness_mean,,all,7,,49,31,49,0.7655751299610727,4.147037943258348,3.079049324172002
dopt,n_added=7,,Random Forest,48,LOCO,dopt,Thickness_mean,,all,7,,49,31,49,0.7740833796342694,4.071085826499108,2.9393413615795736
dopt,n_added=7,,Random Forest,49,LOCO,dopt,Thickness_mean,,all,7,,49,31,49,0.7662310677439131,4.14123202264802,3.0114871059123964
dopt,n_added=7,,Random Forest,50,LOCO,dopt,Thickness_mean,,all,7,,49,31,49,0.7486991260457796,4.293714527237734,3.0956081279880943
dopt,n_added=7,,Random Forest,51,LOCO,dopt,Thickness_mean,,all,7,,49,31,49,0.7378759320552859,4.385202132238837,3.298116763565396
dopt,n_added=7,,XGBoost,42,LOCO,dopt,Thickness_mean,,all,7,,49,31,49,0.6621736188260079,4.9783215869789466,3.7408146667480473
dopt,n_added=7,,XGBoost,43,LOCO,dopt,Thickness_mean,,all,7,,49,31,49,0.7176917557927802,4.550906862760843,3.502952098651808
dopt,n_added=7,,XGBoost,44,LOCO,dopt,Thickness_mean,,all,7,,49,31,49,0.6844683436406389,4.811246804097791,3.720567600094542
dopt,n_added=7,,XGBoost,45,LOCO,dopt,Thickness_mean,,all,7,,49,31,49,0.6853132618077655,4.804800802965253,3.6322606513938127
dopt,n_added=7,,XGBoost,46,LOCO,dopt,Thickness_mean,,all,7,,49,31,49,0.6852272690796184,4.8054572489736875,3.7278826581215374
dopt,n_added=7,,XGBoost,47,LOCO,dopt,Thickness_mean,,all,7,,49,31,49,0.6824017810690536,4.826976629551955,3.7660981474117357
dopt,n_added=7,,XGBoost,48,LOCO,dopt,Thickness_mean,,all,7,,49,31,49,0.6932712949513178,4.74365807726436,3.6505715492793493
dopt,n_added=7,,XGBoost,49,LOCO,dopt,Thickness_mean,,all,7,,49,31,49,0.6774479052169239,4.8644763955391195,3.7803354393706026
dopt,n_added=7,,XGBoost,50,LOCO,dopt,Thickness_mean,,all,7,,49,31,49,0.6814515863129782,4.834191944674578,3.605038714895443
dopt,n_added=7,,XGBoost,51,LOCO,dopt,Thickness_mean,,all,7,,49,31,49,0.6826327213928494,4.825221351659313,3.697520623790975
dopt,n_added=7,,GPR,42,LOCO,dopt,Thickness_mean,,all,7,,49,31,49,0.7244322904371608,4.496248751698846,3.3593361167908395
dopt,n_added=7,,GPR,43,LOCO,dopt,Thickness_mean,,all,7,,49,31,49,0.7244322216679122,4.496249312729072,3.359335985510107
dopt,n_added=7,,GPR,44,LOCO,dopt,Thickness_mean,,all,7,,49,31,49,0.7244323395023438,4.4962483514174085,3.3593355834096434
dopt,n_added=7,,GPR,45,LOCO,dopt,Thickness_mean,,all,7,,49,31,49,0.7244322738679289,4.496248886873223,3.3593367179000375
dopt,n_added=7,,GPR,46,LOCO,dopt,Thickness_mean,,all,7,,49,31,49,0.7244323336089981,4.496248399496247,3.3593347769575126
dopt,n_added=7,,GPR,47,LOCO,dopt,Thickness_mean,,all,7,,49,31,49,0.7244324352320397,4.496247570439475,3.3593352244652652
dopt,n_added=7,,GPR,48,LOCO,dopt,Thickness_mean,,all,7,,49,31,49,0.7244321064138086,4.496250252989819,3.359337190677358
dopt,n_added=7,,GPR,49,LOCO,dopt,Thickness_mean,,all,7,,49,31,49,0.724432369488162,4.496248106788396,3.3593351299713716
dopt,n_added=7,,GPR,50,LOCO,dopt,Thickness_mean,,all,7,,49,31,49,0.7244321884960119,4.496249583350569,3.359338297187579
dopt,n_added=7,,GPR,51,LOCO,dopt,Thickness_mean,,all,7,,49,31,49,0.7244322172346642,4.496249348896197,3.359336080377341
dopt,n_added=8,,Ridge,42,LOCO,dopt,Thickness_mean,,all,8,,50,32,50,0.6817113291309725,4.825201011497034,3.6194130073061057
dopt,n_added=8,,Ridge,43,LOCO,dopt,Thickness_mean,,all,8,,50,32,50,0.6946028825353561,4.726474146247669,3.4936096626200857
dopt,n_added=8,,Ridge,44,LOCO,dopt,Thickness_mean,,all,8,,50,32,50,0.7028966032523585,4.66185357313816,3.294543445064637
dopt,n_added=8,,Ridge,45,LOCO,dopt,Thickness_mean,,all,8,,50,32,50,0.6867540805345043,4.786824784797129,3.56694877698526
dopt,n_added=8,,Ridge,46,LOCO,dopt,Thickness_mean,,all,8,,50,32,50,0.6991516185005482,4.691142868550027,3.3746983898893705
dopt,n_added=8,,Ridge,47,LOCO,dopt,Thickness_mean,,all,8,,50,32,50,0.6944519755420145,4.727641756994955,3.4593887138646577
dopt,n_added=8,,Ridge,48,LOCO,dopt,Thickness_mean,,all,8,,50,32,50,0.6987902271000752,4.6939596194007835,3.342062087399522
dopt,n_added=8,,Ridge,49,LOCO,dopt,Thickness_mean,,all,8,,50,32,50,0.6869868515157547,4.785045925273521,3.561283702985037
dopt,n_added=8,,Ridge,50,LOCO,dopt,Thickness_mean,,all,8,,50,32,50,0.6971959462397042,4.706365614133252,3.386013714681718
dopt,n_added=8,,Ridge,51,LOCO,dopt,Thickness_mean,,all,8,,50,32,50,0.6816249497049505,4.825855715634178,3.5767437341003356
dopt,n_added=8,,Random Forest,42,LOCO,dopt,Thickness_mean,,all,8,,50,32,50,0.7603353296067411,4.187037292119962,3.020803526350667
dopt,n_added=8,,Random Forest,43,LOCO,dopt,Thickness_mean,,all,8,,50,32,50,0.731316428772985,4.433282187545916,3.1875097056498816
dopt,n_added=8,,Random Forest,44,LOCO,dopt,Thickness_mean,,all,8,,50,32,50,0.7645511483639164,4.1500478881983325,3.0424197522289944
dopt,n_added=8,,Random Forest,45,LOCO,dopt,Thickness_mean,,all,8,,50,32,50,0.7308963186353894,4.4367467449762605,3.2311108920460843
dopt,n_added=8,,Random Forest,46,LOCO,dopt,Thickness_mean,,all,8,,50,32,50,0.7560526711214576,4.224281521178441,3.1424277999069643
dopt,n_added=8,,Random Forest,47,LOCO,dopt,Thickness_mean,,all,8,,50,32,50,0.7366865799370635,4.388754793742202,3.251602485984651
dopt,n_added=8,,Random Forest,48,LOCO,dopt,Thickness_mean,,all,8,,50,32,50,0.7641097730007977,4.15393593275472,3.0603337450504373
dopt,n_added=8,,Random Forest,49,LOCO,dopt,Thickness_mean,,all,8,,50,32,50,0.7562327080358917,4.222722440810182,3.0306039049311817
dopt,n_added=8,,Random Forest,50,LOCO,dopt,Thickness_mean,,all,8,,50,32,50,0.7445042079727049,4.323114077296597,3.159730540823135
dopt,n_added=8,,Random Forest,51,LOCO,dopt,Thickness_mean,,all,8,,50,32,50,0.7377880254016562,4.379566048604301,3.287434166554149
dopt,n_added=8,,XGBoost,42,LOCO,dopt,Thickness_mean,,all,8,,50,32,50,0.6493696582654779,5.064418275847333,3.7744266540527343
dopt,n_added=8,,XGBoost,43,LOCO,dopt,Thickness_mean,,all,8,,50,32,50,0.7155456557517554,4.5615359848171675,3.4179515636444093
dopt,n_added=8,,XGBoost,44,LOCO,dopt,Thickness_mean,,all,8,,50,32,50,0.6820638012413385,4.822528563415568,3.771982122802734
dopt,n_added=8,,XGBoost,45,LOCO,dopt,Thickness_mean,,all,8,,50,32,50,0.6751421378010337,4.874740604069796,3.5931966915130618
dopt,n_added=8,,XGBoost,46,LOCO,dopt,Thickness_mean,,all,8,,50,32,50,0.6820223368436111,4.82284302387012,3.542292789459229
dopt,n_added=8,,XGBoost,47,LOCO,dopt,Thickness_mean,,all,8,,50,32,50,0.6729861571740324,4.890889922748223,3.7551822341918943
dopt,n_added=8,,XGBoost,48,LOCO,dopt,Thickness_mean,,all,8,,50,32,50,0.6747001722225334,4.878055492698603,3.6741057537078854
dopt,n_added=8,,XGBoost,49,LOCO,dopt,Thickness_mean,,all,8,,50,32,50,0.6692677515691137,4.918617963270916,3.7330478927612307
dopt,n_added=8,,XGBoost,50,LOCO,dopt,Thickness_mean,,all,8,,50,32,50,0.6986173832708091,4.69530619854722,3.5482117992401125
dopt,n_added=8,,XGBoost,51,LOCO,dopt,Thickness_mean,,all,8,,50,32,50,0.6843521796692892,4.805141899148321,3.6552398309707645
dopt,n_added=8,,GPR,42,LOCO,dopt,Thickness_mean,,all,8,,50,32,50,0.7002470486694496,4.682594533137302,3.415640997135737
dopt,n_added=8,,GPR,43,LOCO,dopt,Thickness_mean,,all,8,,50,32,50,0.7002468519150067,4.682596069938064,3.4156433900572494
dopt,n_added=8,,GPR,44,LOCO,dopt,Thickness_mean,,all,8,,50,32,50,0.7002469532303273,4.682595278588974,3.415643490517482
dopt,n_added=8,,GPR,45,LOCO,dopt,Thickness_mean,,all,8,,50,32,50,0.7002470821720215,4.68259427145687,3.415640955486404
dopt,n_added=8,,GPR,46,LOCO,dopt,Thickness_mean,,all,8,,50,32,50,0.7002470690841165,4.682594373683311,3.415640411022691
dopt,n_added=8,,GPR,47,LOCO,dopt,Thickness_mean,,all,8,,50,32,50,0.7002472538494101,4.682592930526351,3.415638269763628
dopt,n_added=8,,GPR,48,LOCO,dopt,Thickness_mean,,all,8,,50,32,50,0.7002471189794778,4.682593983962772,3.415640342640561
dopt,n_added=8,,GPR,49,LOCO,dopt,Thickness_mean,,all,8,,50,32,50,0.7002469903597024,4.68259498858051,3.415641446973658
dopt,n_added=8,,GPR,50,LOCO,dopt,Thickness_mean,,all,8,,50,32,50,0.700247093493344,4.6825941830287725,3.4156406100441883
dopt,n_added=8,,GPR,51,LOCO,dopt,Thickness_mean,,all,8,,50,32,50,0.7002470313469376,4.682594668439223,3.4156405432834545
dopt,n_added=9,,Ridge,42,LOCO,dopt,Thickness_mean,,all,9,,51,33,51,0.7201236651625376,4.589944034667768,3.2426202702073654
dopt,n_added=9,,Ridge,43,LOCO,dopt,Thickness_mean,,all,9,,51,33,51,0.7112359995951234,4.662252882132896,3.32374364663439
dopt,n_added=9,,Ridge,44,LOCO,dopt,Thickness_mean,,all,9,,51,33,51,0.7172827306135732,4.613180738397297,3.3227558128059913
dopt,n_added=9,,Ridge,45,LOCO,dopt,Thickness_mean,,all,9,,51,33,51,0.7084824846823496,4.6844286460927185,3.4061172978214045
dopt,n_added=9,,Ridge,46,LOCO,dopt,Thickness_mean,,all,9,,51,33,51,0.7155092390994708,4.627627408765275,3.2809154658305113
dopt,n_added=9,,Ridge,47,LOCO,dopt,Thickness_mean,,all,9,,51,33,51,0.7013161487591097,4.741657409797492,3.5228728195243155
dopt,n_added=9,,Ridge,48,LOCO,dopt,Thickness_mean,,all,9,,51,33,51,0.7120095692757664,4.656003841180293,3.376139219461945
dopt,n_added=9,,Ridge,49,LOCO,dopt,Thickness_mean,,all,9,,51,33,51,0.710262818157872,4.6701025475909965,3.396347916642595
dopt,n_added=9,,Ridge,50,LOCO,dopt,Thickness_mean,,all,9,,51,33,51,0.717209746688363,4.6137761500472205,3.296283812230609
dopt,n_added=9,,Ridge,51,LOCO,dopt,Thickness_mean,,all,9,,51,33,51,0.7202216962621621,4.589140114126837,3.2414456593070975
dopt,n_added=9,,Random Forest,42,LOCO,dopt,Thickness_mean,,all,9,,51,33,51,0.7655324430725423,4.201125741736028,3.0264086387162017
dopt,n_added=9,,Random Forest,43,LOCO,dopt,Thickness_mean,,all,9,,51,33,51,0.7547116933855083,4.296973979007977,3.1144896509992996
dopt,n_added=9,,Random Forest,44,LOCO,dopt,Thickness_mean,,all,9,,51,33,51,0.7786623186644319,4.0818024244411,2.9886666155576678
dopt,n_added=9,,Random Forest,45,LOCO,dopt,Thickness_mean,,all,9,,51,33,51,0.7640557754931596,4.214334241210617,3.000991925798412
dopt,n_added=9,,Random Forest,46,LOCO,dopt,Thickness_mean,,all,9,,51,33,51,0.7519035999142663,4.321500151589551,3.1496830038980996
dopt,n_added=9,,Random Forest,47,LOCO,dopt,Thickness_mean,,all,9,,51,33,51,0.7678709561257538,4.180122821638858,3.0251140719683502
dopt,n_added=9,,Random Forest,48,LOCO,dopt,Thickness_mean,,all,9,,51,33,51,0.7554012901976573,4.290929530371465,3.0977309494807668
dopt,n_added=9,,Random Forest,49,LOCO,dopt,Thickness_mean,,all,9,,51,33,51,0.7606640991952744,4.244516492979742,3.076223346600296
dopt,n_added=9,,Random Forest,50,LOCO,dopt,Thickness_mean,,all,9,,51,33,51,0.7559793799769944,4.285855893876019,3.1343927511307075
dopt,n_added=9,,Random Forest,51,LOCO,dopt,Thickness_mean,,all,9,,51,33,51,0.7480459623099652,4.354967943105931,3.2089840424586566
dopt,n_added=9,,XGBoost,42,LOCO,dopt,Thickness_mean,,all,9,,51,33,51,0.7038600115018061,4.721422103250294,3.604078979305192
dopt,n_added=9,,XGBoost,43,LOCO,dopt,Thickness_mean,,all,9,,51,33,51,0.7123238558298028,4.653462578176256,3.505483908653259
dopt,n_added=9,,XGBoost,44,LOCO,dopt,Thickness_mean,,all,9,,51,33,51,0.6937257069854725,4.801529199372467,3.7888722253313247
dopt,n_added=9,,XGBoost,45,LOCO,dopt,Thickness_mean,,all,9,,51,33,51,0.7001309713684087,4.751055543341141,3.557052727961073
dopt,n_added=9,,XGBoost,46,LOCO,dopt,Thickness_mean,,all,9,,51,33,51,0.7147184371138982,4.634054677873739,3.5276228540083943
dopt,n_added=9,,XGBoost,47,LOCO,dopt,Thickness_mean,,all,9,,51,33,51,0.7087639402601893,4.6821667288945825,3.5925144878088258
dopt,n_added=9,,XGBoost,48,LOCO,dopt,Thickness_mean,,all,9,,51,33,51,0.7188422226541584,4.600439799200957,3.371731196571799
dopt,n_added=9,,XGBoost,49,LOCO,dopt,Thickness_mean,,all,9,,51,33,51,0.7001484066398033,4.750917421129415,3.5983017367007686
dopt,n_added=9,,XGBoost,50,LOCO,dopt,Thickness_mean,,all,9,,51,33,51,0.7171659674600762,4.614133269396402,3.533619698823667
dopt,n_added=9,,XGBoost,51,LOCO,dopt,Thickness_mean,,all,9,,51,33,51,0.7249284514789641,4.5503744627954505,3.3425500275106987
dopt,n_added=9,,GPR,42,LOCO,dopt,Thickness_mean,,all,9,,51,33,51,0.7239607772489309,4.5583713173413685,3.292605130984567
dopt,n_added=9,,GPR,43,LOCO,dopt,Thickness_mean,,all,9,,51,33,51,0.7239608043841083,4.558371093293105,3.292604978265641
dopt,n_added=9,,GPR,44,LOCO,dopt,Thickness_mean,,all,9,,51,33,51,0.7239608668451416,4.5583705775681835,3.2926042008369323
dopt,n_added=9,,GPR,45,LOCO,dopt,Thickness_mean,,all,9,,51,33,51,0.7239609290606646,4.558370063870321,3.2926038927753565
dopt,n_added=9,,GPR,46,LOCO,dopt,Thickness_mean,,all,9,,51,33,51,0.7239608917142311,4.5583703722303985,3.2926037478184775
dopt,n_added=9,,GPR,47,LOCO,dopt,Thickness_mean,,all,9,,51,33,51,0.7239608864316357,4.558370415847454,3.2926044234161704
dopt,n_added=9,,GPR,48,LOCO,dopt,Thickness_mean,,all,9,,51,33,51,0.7239609173398793,4.558370160645889,3.29260360302564
dopt,n_added=9,,GPR,49,LOCO,dopt,Thickness_mean,,all,9,,51,33,51,0.7239608367621615,4.558370825955733,3.292604639528955
dopt,n_added=9,,GPR,50,LOCO,dopt,Thickness_mean,,all,9,,51,33,51,0.7239608442375675,4.5583707642332,3.2926044820591645
dopt,n_added=9,,GPR,51,LOCO,dopt,Thickness_mean,,all,9,,51,33,51,0.7239608395477071,4.558370802956189,3.2926043726902954
dopt,n_added=10,,Ridge,42,LOCO,dopt,Thickness_mean,,all,10,,52,34,52,0.7287991739998759,4.574297546187878,3.223166712424773
dopt,n_added=10,,Ridge,43,LOCO,dopt,Thickness_mean,,all,10,,52,34,52,0.7326306998589052,4.541869760976154,3.2191292354687806
dopt,n_added=10,,Ridge,44,LOCO,dopt,Thickness_mean,,all,10,,52,34,52,0.7293565789217737,4.5695943019462115,3.239578337148374
dopt,n_added=10,,Ridge,45,LOCO,dopt,Thickness_mean,,all,10,,52,34,52,0.7299287249105388,4.5647616363926655,3.244547928472762
dopt,n_added=10,,Ridge,46,LOCO,dopt,Thickness_mean,,all,10,,52,34,52,0.7283817792268072,4.577816255646204,3.2224849757165335
dopt,n_added=10,,Ridge,47,LOCO,dopt,Thickness_mean,,all,10,,52,34,52,0.7272568776606503,4.587285929548481,3.3022569927034016
dopt,n_added=10,,Ridge,48,LOCO,dopt,Thickness_mean,,all,10,,52,34,52,0.7154631399952587,4.685416193832488,3.440473260248143
dopt,n_added=10,,Ridge,49,LOCO,dopt,Thickness_mean,,all,10,,52,34,52,0.7318479409964765,4.548513363170911,3.248701154507911
dopt,n_added=10,,Ridge,50,LOCO,dopt,Thickness_mean,,all,10,,52,34,52,0.7313831642639479,4.5524535304290685,3.2640866071325942
dopt,n_added=10,,Ridge,51,LOCO,dopt,Thickness_mean,,all,10,,52,34,52,0.7356541970706778,4.516116291869744,3.1580838946893217
dopt,n_added=10,,Random Forest,42,LOCO,dopt,Thickness_mean,,all,10,,52,34,52,0.7789567665648414,4.129690640105451,2.8556197537816974
dopt,n_added=10,,Random Forest,43,LOCO,dopt,Thickness_mean,,all,10,,52,34,52,0.7568435577546461,4.3313352224884785,3.0799925239048807
dopt,n_added=10,,Random Forest,44,LOCO,dopt,Thickness_mean,,all,10,,52,34,52,0.7857299996310904,4.065927141553568,2.922287227985099
dopt,n_added=10,,Random Forest,45,LOCO,dopt,Thickness_mean,,all,10,,52,34,52,0.7715039413570987,4.198733049529684,2.959638477636852
dopt,n_added=10,,Random Forest,46,LOCO,dopt,Thickness_mean,,all,10,,52,34,52,0.7847268401452366,4.075433863359733,2.9194666695215523
dopt,n_added=10,,Random Forest,47,LOCO,dopt,Thickness_mean,,all,10,,52,34,52,0.760335132924405,4.3001251390443835,3.1308321418343494
dopt,n_added=10,,Random Forest,48,LOCO,dopt,Thickness_mean,,all,10,,52,34,52,0.7775617514716855,4.142701488237546,2.9243256073094845
dopt,n_added=10,,Random Forest,49,LOCO,dopt,Thickness_mean,,all,10,,52,34,52,0.7710269470352251,4.20311327321777,2.996515434464089
dopt,n_added=10,,Random Forest,50,LOCO,dopt,Thickness_mean,,all,10,,52,34,52,0.7646891212734009,4.260885950578178,3.025986746206528
dopt,n_added=10,,Random Forest,51,LOCO,dopt,Thickness_mean,,all,10,,52,34,52,0.7817847548544004,4.103188332553337,2.8693212799933203
dopt,n_added=10,,XGBoost,42,LOCO,dopt,Thickness_mean,,all,10,,52,34,52,0.7081741698001176,4.745049767541342,3.6545801844734416
dopt,n_added=10,,XGBoost,43,LOCO,dopt,Thickness_mean,,all,10,,52,34,52,0.7178609156627721,4.665632561093101,3.541826184025178
dopt,n_added=10,,XGBoost,44,LOCO,dopt,Thickness_mean,,all,10,,52,34,52,0.7188418388099433,4.657514912580508,3.4696293779863763
dopt,n_added=10,,XGBoost,45,LOCO,dopt,Thickness_mean,,all,10,,52,34,52,0.7233658590276592,4.619891710161447,3.505694947792934
dopt,n_added=10,,XGBoost,46,LOCO,dopt,Thickness_mean,,all,10,,52,34,52,0.7337444239759858,4.532400333194786,3.520675063408338
dopt,n_added=10,,XGBoost,47,LOCO,dopt,Thickness_mean,,all,10,,52,34,52,0.7133878772715114,4.702471636949716,3.5691636653588366
dopt,n_added=10,,XGBoost,48,LOCO,dopt,Thickness_mean,,all,10,,52,34,52,0.704993414711957,4.770839016036747,3.656941077204851
dopt,n_added=10,,XGBoost,49,LOCO,dopt,Thickness_mean,,all,10,,52,34,52,0.7300908665923447,4.5633911662262765,3.5028498626672304
dopt,n_added=10,,XGBoost,50,LOCO,dopt,Thickness_mean,,all,10,,52,34,52,0.7355299510229851,4.517177484590059,3.3210588732132544
dopt,n_added=10,,XGBoost,51,LOCO,dopt,Thickness_mean,,all,10,,52,34,52,0.7295780802501127,4.567723984195368,3.5283378652425914
dopt,n_added=10,,GPR,42,LOCO,dopt,Thickness_mean,,all,10,,52,34,52,0.7365121974680202,4.50878124280724,3.2254168507094607
dopt,n_added=10,,GPR,43,LOCO,dopt,Thickness_mean,,all,10,,52,34,52,0.7365122588312933,4.50878071778561,3.225416693120209
dopt,n_added=10,,GPR,44,LOCO,dopt,Thickness_mean,,all,10,,52,34,52,0.7365122887924531,4.508780461439144,3.2254167235649285
dopt,n_added=10,,GPR,45,LOCO,dopt,Thickness_mean,,all,10,,52,34,52,0.7365121957865306,4.508781257193995,3.2254172255133744
dopt,n_added=10,,GPR,46,LOCO,dopt,Thickness_mean,,all,10,,52,34,52,0.7365122829069777,4.508780511795034,3.225416139401929
dopt,n_added=10,,GPR,47,LOCO,dopt,Thickness_mean,,all,10,,52,34,52,0.7365121859982253,4.508781340942324,3.22541741933708
dopt,n_added=10,,GPR,48,LOCO,dopt,Thickness_mean,,all,10,,52,34,52,0.7365121205853313,4.508781900612263,3.2254175841244623
dopt,n_added=10,,GPR,49,LOCO,dopt,Thickness_mean,,all,10,,52,34,52,0.7365122193098993,4.508781055929032,3.2254169776908173
dopt,n_added=10,,GPR,50,LOCO,dopt,Thickness_mean,,all,10,,52,34,52,0.7365121914568262,4.508781294238764,3.2254168184935192
dopt,n_added=10,,GPR,51,LOCO,dopt,Thickness_mean,,all,10,,52,34,52,0.7365122551096197,4.508780749628098,3.2254167618225122
dopt,n_added=11,,Ridge,42,LOCO,dopt,Thickness_mean,,all,11,,53,35,53,0.7299049136846185,4.6121277740520705,3.317936749345301
dopt,n_added=11,,Ridge,43,LOCO,dopt,Thickness_mean,,all,11,,53,35,53,0.7432426038139253,4.496809296773362,3.1712163785018106
dopt,n_added=11,,Ridge,44,LOCO,dopt,Thickness_mean,,all,11,,53,35,53,0.7427934215437896,4.50074103231672,3.164730887300017
dopt,n_added=11,,Ridge,45,LOCO,dopt,Thickness_mean,,all,11,,53,35,53,0.7374010655082066,4.547675505971793,3.27873652002857
dopt,n_added=11,,Ridge,46,LOCO,dopt,Thickness_mean,,all,11,,53,35,53,0.7419219507767748,4.508359320139319,3.1933071975380654
dopt,n_added=11,,Ridge,47,LOCO,dopt,Thickness_mean,,all,11,,53,35,53,0.7440285079902331,4.489921920319821,3.1201189242607508
dopt,n_added=11,,Ridge,48,LOCO,dopt,Thickness_mean,,all,11,,53,35,53,0.7394913866148454,4.529539302884772,3.2317406755133358
dopt,n_added=11,,Ridge,49,LOCO,dopt,Thickness_mean,,all,11,,53,35,53,0.7370356578891337,4.550838461676476,3.2193888013046057
dopt,n_added=11,,Ridge,50,LOCO,dopt,Thickness_mean,,all,11,,53,35,53,0.7487716918323456,4.448127995254466,3.0895395040362046
dopt,n_added=11,,Ridge,51,LOCO,dopt,Thickness_mean,,all,11,,53,35,53,0.7369952603610468,4.551188006339071,3.2389240415191742
dopt,n_added=11,,Random Forest,42,LOCO,dopt,Thickness_mean,,all,11,,53,35,53,0.7629140561722533,4.32111567165359,3.0372315689383345
dopt,n_added=11,,Random Forest,43,LOCO,dopt,Thickness_mean,,all,11,,53,35,53,0.7644734820457457,4.306881220280397,3.0583252285188025
dopt,n_added=11,,Random Forest,44,LOCO,dopt,Thickness_mean,,all,11,,53,35,53,0.7982917124077858,3.985702324953707,2.8289069521210903
dopt,n_added=11,,Random Forest,45,LOCO,dopt,Thickness_mean,,all,11,,53,35,53,0.7804201878605026,4.15852381892673,2.944580715138949
dopt,n_added=11,,Random Forest,46,LOCO,dopt,Thickness_mean,,all,11,,53,35,53,0.7896429354915723,4.070254260846262,2.875819731983161
dopt,n_added=11,,Random Forest,47,LOCO,dopt,Thickness_mean,,all,11,,53,35,53,0.7668656810139872,4.284953303607665,3.0787407401598244
dopt,n_added=11,,Random Forest,48,LOCO,dopt,Thickness_mean,,all,11,,53,35,53,0.7910395830328109,4.056719707443692,2.906512662457825
dopt,n_added=11,,Random Forest,49,LOCO,dopt,Thickness_mean,,all,11,,53,35,53,0.7864448961151937,4.101077405598348,2.883878476818365
dopt,n_added=11,,Random Forest,50,LOCO,dopt,Thickness_mean,,all,11,,53,35,53,0.7919204306330674,4.04816036977518,2.876160898170941
dopt,n_added=11,,Random Forest,51,LOCO,dopt,Thickness_mean,,all,11,,53,35,53,0.7699533346824123,4.256483555556982,3.100947173694201
dopt,n_added=11,,XGBoost,42,LOCO,dopt,Thickness_mean,,all,11,,53,35,53,0.7256493162187821,4.6483199367257155,3.473578994049216
dopt,n_added=11,,XGBoost,43,LOCO,dopt,Thickness_mean,,all,11,,53,35,53,0.7454199945470916,4.477701458120807,3.3583276400476136
dopt,n_added=11,,XGBoost,44,LOCO,dopt,Thickness_mean,,all,11,,53,35,53,0.7329737698095126,4.58585111795865,3.409453622799999
dopt,n_added=11,,XGBoost,45,LOCO,dopt,Thickness_mean,,all,11,,53,35,53,0.7492537621946039,4.4438582926632275,3.29946926530802
dopt,n_added=11,,XGBoost,46,LOCO,dopt,Thickness_mean,,all,11,,53,35,53,0.7277078631562344,4.63084813428401,3.5061680200864687
dopt,n_added=11,,XGBoost,47,LOCO,dopt,Thickness_mean,,all,11,,53,35,53,0.7041547605229215,4.826977577505517,3.6925438778355435
dopt,n_added=11,,XGBoost,48,LOCO,dopt,Thickness_mean,,all,11,,53,35,53,0.7360623209734094,4.559252925335381,3.4357242564435277
dopt,n_added=11,,XGBoost,49,LOCO,dopt,Thickness_mean,,all,11,,53,35,53,0.727203669486608,4.635133539848459,3.4489981183465925
dopt,n_added=11,,XGBoost,50,LOCO,dopt,Thickness_mean,,all,11,,53,35,53,0.758682267774412,4.359509279813787,3.2636472954840037
dopt,n_added=11,,XGBoost,51,LOCO,dopt,Thickness_mean,,all,11,,53,35,53,0.7541489682644443,4.400266765793413,3.307189710455121
dopt,n_added=11,,GPR,42,LOCO,dopt,Thickness_mean,,all,11,,53,35,53,0.746306150405458,4.4699015518574425,3.1662682737793135
dopt,n_added=11,,GPR,43,LOCO,dopt,Thickness_mean,,all,11,,53,35,53,0.7463061584199764,4.469901481252442,3.16626787813394
dopt,n_added=11,,GPR,44,LOCO,dopt,Thickness_mean,,all,11,,53,35,53,0.746306047345793,4.469902459775609,3.16626914358989
dopt,n_added=11,,GPR,45,LOCO,dopt,Thickness_mean,,all,11,,53,35,53,0.7463060613801549,4.469902336137997,3.166268942342779
dopt,n_added=11,,GPR,46,LOCO,dopt,Thickness_mean,,all,11,,53,35,53,0.7463061798460279,4.4699012924966945,3.166267609347627
dopt,n_added=11,,GPR,47,LOCO,dopt,Thickness_mean,,all,11,,53,35,53,0.7463060993591306,4.4699020015570445,3.166268688847399
dopt,n_added=11,,GPR,48,LOCO,dopt,Thickness_mean,,all,11,,53,35,53,0.7463061600380182,4.469901466998081,3.1662677763108524
dopt,n_added=11,,GPR,49,LOCO,dopt,Thickness_mean,,all,11,,53,35,53,0.7463061010673353,4.469901986508383,3.1662685338177616
dopt,n_added=11,,GPR,50,LOCO,dopt,Thickness_mean,,all,11,,53,35,53,0.7463060756401557,4.469902210512582,3.1662689071364154
dopt,n_added=11,,GPR,51,LOCO,dopt,Thickness_mean,,all,11,,53,35,53,0.7463061538357553,4.469901521637768,3.166268174868644
dopt,n_added=12,,Ridge,42,LOCO,dopt,Thickness_mean,,all,12,,54,36,54,0.719687052498519,4.689715428512654,3.326750481597107
dopt,n_added=12,,Ridge,43,LOCO,dopt,Thickness_mean,,all,12,,54,36,54,0.727782750617169,4.621497604019419,3.3200609219208443
dopt,n_added=12,,Ridge,44,LOCO,dopt,Thickness_mean,,all,12,,54,36,54,0.7321473687998444,4.584298306541265,3.203457202075039
dopt,n_added=12,,Ridge,45,LOCO,dopt,Thickness_mean,,all,12,,54,36,54,0.7282877583026002,4.617208795619415,3.278723197578777
dopt,n_added=12,,Ridge,46,LOCO,dopt,Thickness_mean,,all,12,,54,36,54,0.7259867081202511,4.6367184615024675,3.22608941719181
dopt,n_added=12,,Ridge,47,LOCO,dopt,Thickness_mean,,all,12,,54,36,54,0.7188134099461131,4.697017887435198,3.396380008812717
dopt,n_added=12,,Ridge,48,LOCO,dopt,Thickness_mean,,all,12,,54,36,54,0.7415081905301549,4.503480689540753,3.0986982772362466
dopt,n_added=12,,Ridge,49,LOCO,dopt,Thickness_mean,,all,12,,54,36,54,0.7342948716565609,4.565884065521041,3.2255177581512213
dopt,n_added=12,,Ridge,50,LOCO,dopt,Thickness_mean,,all,12,,54,36,54,0.7343911050105263,4.565057152370928,3.1498446559242206
dopt,n_added=12,,Ridge,51,LOCO,dopt,Thickness_mean,,all,12,,54,36,54,0.7325814996831908,4.58058172452919,3.236144237249773
dopt,n_added=12,,Random Forest,42,LOCO,dopt,Thickness_mean,,all,12,,54,36,54,0.7561433099420879,4.374135667192113,3.0513453170435665
dopt,n_added=12,,Random Forest,43,LOCO,dopt,Thickness_mean,,all,12,,54,36,54,0.744718121984197,4.475431400226116,3.16680499320186
dopt,n_added=12,,Random Forest,44,LOCO,dopt,Thickness_mean,,all,12,,54,36,54,0.7971436296625103,3.9895070492596125,2.8513035110757254
dopt,n_added=12,,Random Forest,45,LOCO,dopt,Thickness_mean,,all,12,,54,36,54,0.7674487044347662,4.271538186653097,3.000941217940061
dopt,n_added=12,,Random Forest,46,LOCO,dopt,Thickness_mean,,all,12,,54,36,54,0.789345519089233,4.065465335244374,2.8965943298519052
dopt,n_added=12,,Random Forest,47,LOCO,dopt,Thickness_mean,,all,12,,54,36,54,0.7870290936867353,4.087756813334076,2.9954383343732265
dopt,n_added=12,,Random Forest,48,LOCO,dopt,Thickness_mean,,all,12,,54,36,54,0.7686898183494091,4.260124451425744,2.989329699067316
dopt,n_added=12,,Random Forest,49,LOCO,dopt,Thickness_mean,,all,12,,54,36,54,0.7839880373923659,4.116838334998773,2.866409071384056
dopt,n_added=12,,Random Forest,50,LOCO,dopt,Thickness_mean,,all,12,,54,36,54,0.7619550196781045,4.32169810305319,3.0827121203542656
dopt,n_added=12,,Random Forest,51,LOCO,dopt,Thickness_mean,,all,12,,54,36,54,0.7756239320349069,4.195784536724502,3.0885268750681236
dopt,n_added=12,,XGBoost,42,LOCO,dopt,Thickness_mean,,all,12,,54,36,54,0.7042719673174291,4.816939133394218,3.613447536362542
dopt,n_added=12,,XGBoost,43,LOCO,dopt,Thickness_mean,,all,12,,54,36,54,0.7233438319900425,4.659025528779891,3.4862483784887526
dopt,n_added=12,,XGBoost,44,LOCO,dopt,Thickness_mean,,all,12,,54,36,54,0.7032497133291353,4.8252573965884356,3.5228434914129747
dopt,n_added=12,,XGBoost,45,LOCO,dopt,Thickness_mean,,all,12,,54,36,54,0.7449211394489519,4.473651462968656,3.3400848112282926
dopt,n_added=12,,XGBoost,46,LOCO,dopt,Thickness_mean,,all,12,,54,36,54,0.7206230045560176,4.681879509887131,3.5399175344573126
dopt,n_added=12,,XGBoost,47,LOCO,dopt,Thickness_mean,,all,12,,54,36,54,0.7169727648376416,4.712366131288153,3.6232619910769985
dopt,n_added=12,,XGBoost,48,LOCO,dopt,Thickness_mean,,all,12,,54,36,54,0.739113703087545,4.524291155865792,3.3378784311259238
dopt,n_added=12,,XGBoost,49,LOCO,dopt,Thickness_mean,,all,12,,54,36,54,0.7285463995833844,4.615010725498249,3.5055973702006873
dopt,n_added=12,,XGBoost,50,LOCO,dopt,Thickness_mean,,all,12,,54,36,54,0.7261792236575378,4.635089348582311,3.4308292993792784
dopt,n_added=12,,XGBoost,51,LOCO,dopt,Thickness_mean,,all,12,,54,36,54,0.7347926071823979,4.561605510541744,3.3587609128598817
dopt,n_added=12,,GPR,42,LOCO,dopt,Thickness_mean,,all,12,,54,36,54,0.7325623998829573,4.580745300784532,3.2734682534423842
dopt,n_added=12,,GPR,43,LOCO,dopt,Thickness_mean,,all,12,,54,36,54,0.7325624027455239,4.580745276269115,3.273468205811378
dopt,n_added=12,,GPR,44,LOCO,dopt,Thickness_mean,,all,12,,54,36,54,0.7325624202328839,4.580745126504939,3.273468684875356
dopt,n_added=12,,GPR,45,LOCO,dopt,Thickness_mean,,all,12,,54,36,54,0.7325623271875007,4.5807459233584495,3.2734691026834066
dopt,n_added=12,,GPR,46,LOCO,dopt,Thickness_mean,,all,12,,54,36,54,0.7325628816009142,4.580741175283368,3.2734644922139524
dopt,n_added=12,,GPR,47,LOCO,dopt,Thickness_mean,,all,12,,54,36,54,0.7325625045953559,4.580744404012958,3.2734681296128083
dopt,n_added=12,,GPR,48,LOCO,dopt,Thickness_mean,,all,12,,54,36,54,0.7325623283884739,4.58074591307315,3.273468846824255
dopt,n_added=12,,GPR,49,LOCO,dopt,Thickness_mean,,all,12,,54,36,54,0.7325622916602197,4.580746227618954,3.2734692097178586
dopt,n_added=12,,GPR,50,LOCO,dopt,Thickness_mean,,all,12,,54,36,54,0.7325625086342492,4.580744369423311,3.273467669640599
dopt,n_added=12,,GPR,51,LOCO,dopt,Thickness_mean,,all,12,,54,36,54,0.7325623606685596,4.580745636622053,3.27346816540126
dopt,n_added=13,,Ridge,42,LOCO,dopt,Thickness_mean,,all,13,,55,37,55,0.7394898218501231,4.545837626325675,3.1953828843848755
dopt,n_added=13,,Ridge,43,LOCO,dopt,Thickness_mean,,all,13,,55,37,55,0.734037671299589,4.593160639208271,3.223504893348677
dopt,n_added=13,,Ridge,44,LOCO,dopt,Thickness_mean,,all,13,,55,37,55,0.7437301921073506,4.508689136354896,3.1125080673619983
dopt,n_added=13,,Ridge,45,LOCO,dopt,Thickness_mean,,all,13,,55,37,55,0.7442708016924766,4.5039310116924005,3.0918974003009883
dopt,n_added=13,,Ridge,46,LOCO,dopt,Thickness_mean,,all,13,,55,37,55,0.7450082594346279,4.4974322293174485,3.1196777772669164
dopt,n_added=13,,Ridge,47,LOCO,dopt,Thickness_mean,,all,13,,55,37,55,0.7441873497111297,4.504665834525603,3.08096429125899
dopt,n_added=13,,Ridge,48,LOCO,dopt,Thickness_mean,,all,13,,55,37,55,0.7448799921596199,4.498563248008653,3.0759068332463837
dopt,n_added=13,,Ridge,49,LOCO,dopt,Thickness_mean,,all,13,,55,37,55,0.7424278689902535,4.520130845346509,3.1781076678213624
dopt,n_added=13,,Ridge,50,LOCO,dopt,Thickness_mean,,all,13,,55,37,55,0.7432729615207463,4.5127094926548486,3.126045612669382
dopt,n_added=13,,Ridge,51,LOCO,dopt,Thickness_mean,,all,13,,55,37,55,0.743662373985762,4.50928567678192,3.0977679775017886
dopt,n_added=13,,Random Forest,42,LOCO,dopt,Thickness_mean,,all,13,,55,37,55,0.7736983152260853,4.236873179823202,2.9805519049195044
dopt,n_added=13,,Random Forest,43,LOCO,dopt,Thickness_mean,,all,13,,55,37,55,0.7901591273977341,4.079872703645522,2.785467412481435
dopt,n_added=13,,Random Forest,44,LOCO,dopt,Thickness_mean,,all,13,,55,37,55,0.8053097619255698,3.929829054188503,2.7676856530789204
dopt,n_added=13,,Random Forest,45,LOCO,dopt,Thickness_mean,,all,13,,55,37,55,0.7937727939950265,4.044590431043855,2.8069524777865484
dopt,n_added=13,,Random Forest,46,LOCO,dopt,Thickness_mean,,all,13,,55,37,55,0.791846338054119,4.063437637138737,2.9252260899196765
dopt,n_added=13,,Random Forest,47,LOCO,dopt,Thickness_mean,,all,13,,55,37,55,0.7764091767338109,4.211420032294015,2.9945557606780104
dopt,n_added=13,,Random Forest,48,LOCO,dopt,Thickness_mean,,all,13,,55,37,55,0.7935189418105756,4.0470789784367005,2.869137672684039
dopt,n_added=13,,Random Forest,49,LOCO,dopt,Thickness_mean,,all,13,,55,37,55,0.7581593443376348,4.379920491785405,3.1100879053695234
dopt,n_added=13,,Random Forest,50,LOCO,dopt,Thickness_mean,,all,13,,55,37,55,0.7796389091252098,4.180892758688222,2.931808374365622
dopt,n_added=13,,Random Forest,51,LOCO,dopt,Thickness_mean,,all,13,,55,37,55,0.7854275872220027,4.1256132520981605,2.9344249305770385
dopt,n_added=13,,XGBoost,42,LOCO,dopt,Thickness_mean,,all,13,,55,37,55,0.7135851930156969,4.766496782444386,3.5394121476953675
dopt,n_added=13,,XGBoost,43,LOCO,dopt,Thickness_mean,,all,13,,55,37,55,0.7428858526872746,4.516110481676801,3.3797523581439806
dopt,n_added=13,,XGBoost,44,LOCO,dopt,Thickness_mean,,all,13,,55,37,55,0.7132915612367259,4.768939457131551,3.645560375040228
dopt,n_added=13,,XGBoost,45,LOCO,dopt,Thickness_mean,,all,13,,55,37,55,0.7331261502875883,4.601024875681023,3.397858573826877
dopt,n_added=13,,XGBoost,46,LOCO,dopt,Thickness_mean,,all,13,,55,37,55,0.7373082468945772,4.564831912946436,3.3452155464345754
dopt,n_added=13,,XGBoost,47,LOCO,dopt,Thickness_mean,,all,13,,55,37,55,0.7305991404757068,4.622756943357988,3.5433093944896346
dopt,n_added=13,,XGBoost,48,LOCO,dopt,Thickness_mean,,all,13,,55,37,55,0.7340014390231319,4.593473493662854,3.421395417300138
dopt,n_added=13,,XGBoost,49,LOCO,dopt,Thickness_mean,,all,13,,55,37,55,0.749022059489981,4.461895007145542,3.350834009777416
dopt,n_added=13,,XGBoost,50,LOCO,dopt,Thickness_mean,,all,13,,55,37,55,0.7318456562835833,4.612049812249744,3.4285677742524574
dopt,n_added=13,,XGBoost,51,LOCO,dopt,Thickness_mean,,all,13,,55,37,55,0.7269774346447266,4.653726354487185,3.3814006423950196
dopt,n_added=13,,GPR,42,LOCO,dopt,Thickness_mean,,all,13,,55,37,55,0.7439723316493929,4.506558588988609,3.209349029829399
dopt,n_added=13,,GPR,43,LOCO,dopt,Thickness_mean,,all,13,,55,37,55,0.7439722307021679,4.506559477417078,3.209349954199946
dopt,n_added=13,,GPR,44,LOCO,dopt,Thickness_mean,,all,13,,55,37,55,0.7439723981401437,4.506558003808722,3.209348221661217
dopt,n_added=13,,GPR,45,LOCO,dopt,Thickness_mean,,all,13,,55,37,55,0.7439723997444687,4.506557989689182,3.209348611956292
dopt,n_added=13,,GPR,46,LOCO,dopt,Thickness_mean,,all,13,,55,37,55,0.7439722601785865,4.506559217997488,3.209349109552636
dopt,n_added=13,,GPR,47,LOCO,dopt,Thickness_mean,,all,13,,55,37,55,0.7439724461977937,4.506557580857064,3.2093482703403082
dopt,n_added=13,,GPR,48,LOCO,dopt,Thickness_mean,,all,13,,55,37,55,0.7439725683905274,4.506556505448094,3.2093475496732506
dopt,n_added=13,,GPR,49,LOCO,dopt,Thickness_mean,,all,13,,55,37,55,0.7439720537335035,4.506561034903744,3.209351678006585
dopt,n_added=13,,GPR,50,LOCO,dopt,Thickness_mean,,all,13,,55,37,55,0.743972797571029,4.506554488447211,3.2093466030582154
dopt,n_added=13,,GPR,51,LOCO,dopt,Thickness_mean,,all,13,,55,37,55,0.7479067174232605,4.471798312838738,3.155530953457259
dopt,n_added=14,,Ridge,42,LOCO,dopt,Thickness_mean,,all,14,,56,38,56,0.7469015662756635,4.5102775341480985,3.1622192168742287
dopt,n_added=14,,Ridge,43,LOCO,dopt,Thickness_mean,,all,14,,56,38,56,0.7343400902717713,4.6208465650469215,3.3876035763057004
dopt,n_added=14,,Ridge,44,LOCO,dopt,Thickness_mean,,all,14,,56,38,56,0.7532248652076116,4.453579780329799,3.0945503585824463
dopt,n_added=14,,Ridge,45,LOCO,dopt,Thickness_mean,,all,14,,56,38,56,0.7493344472628523,4.4885479151336565,3.0997095651746323
dopt,n_added=14,,Ridge,46,LOCO,dopt,Thickness_mean,,all,14,,56,38,56,0.7387370164437728,4.582447295804887,3.2590710819283806
dopt,n_added=14,,Ridge,47,LOCO,dopt,Thickness_mean,,all,14,,56,38,56,0.7419915508535425,4.553816242565841,3.2722743626485533
dopt,n_added=14,,Ridge,48,LOCO,dopt,Thickness_mean,,all,14,,56,38,56,0.7508772720605459,4.474713282426983,3.137922400557779
dopt,n_added=14,,Ridge,49,LOCO,dopt,Thickness_mean,,all,14,,56,38,56,0.7431084900254219,4.543948634555831,3.239264770114912
dopt,n_added=14,,Ridge,50,LOCO,dopt,Thickness_mean,,all,14,,56,38,56,0.7488247899647686,4.4931086925344506,3.15295623447155
dopt,n_added=14,,Ridge,51,LOCO,dopt,Thickness_mean,,all,14,,56,38,56,0.7494543641306557,4.487474139757101,3.114006509573915
dopt,n_added=14,,Random Forest,42,LOCO,dopt,Thickness_mean,,all,14,,56,38,56,0.7963519695038179,4.0457462926436945,2.7632686117637975
dopt,n_added=14,,Random Forest,43,LOCO,dopt,Thickness_mean,,all,14,,56,38,56,0.7897889979362842,4.1104205568706895,2.8194572372063615
dopt,n_added=14,,Random Forest,44,LOCO,dopt,Thickness_mean,,all,14,,56,38,56,0.8133069614395788,3.8736698179480227,2.6561805986570124
dopt,n_added=14,,Random Forest,45,LOCO,dopt,Thickness_mean,,all,14,,56,38,56,0.7919981520681924,4.088764848928046,2.823968008040995
dopt,n_added=14,,Random Forest,46,LOCO,dopt,Thickness_mean,,all,14,,56,38,56,0.7979188763118403,4.030151866092234,2.8706396113241857
dopt,n_added=14,,Random Forest,47,LOCO,dopt,Thickness_mean,,all,14,,56,38,56,0.7860390648956646,4.146921184268719,3.090409518820979
dopt,n_added=14,,Random Forest,48,LOCO,dopt,Thickness_mean,,all,14,,56,38,56,0.812123787815524,3.8859251899919167,2.711797076937869
dopt,n_added=14,,Random Forest,49,LOCO,dopt,Thickness_mean,,all,14,,56,38,56,0.793581126452483,4.073176594421383,2.8056882688701177
dopt,n_added=14,,Random Forest,50,LOCO,dopt,Thickness_mean,,all,14,,56,38,56,0.7955917702898434,4.0532904566638885,2.8363003599698806
dopt,n_added=14,,Random Forest,51,LOCO,dopt,Thickness_mean,,all,14,,56,38,56,0.7859749484869043,4.147542479407253,2.941100425113493
dopt,n_added=14,,XGBoost,42,LOCO,dopt,Thickness_mean,,all,14,,56,38,56,0.7435163866032206,4.540339723109849,3.3034048677342276
dopt,n_added=14,,XGBoost,43,LOCO,dopt,Thickness_mean,,all,14,,56,38,56,0.7446499376111925,4.530295405309807,3.3034480674777713
dopt,n_added=14,,XGBoost,44,LOCO,dopt,Thickness_mean,,all,14,,56,38,56,0.7569768877629275,4.419593506459551,3.2572997639008934
dopt,n_added=14,,XGBoost,45,LOCO,dopt,Thickness_mean,,all,14,,56,38,56,0.7646607311593643,4.349163529967311,3.2582800109471597
dopt,n_added=14,,XGBoost,46,LOCO,dopt,Thickness_mean,,all,14,,56,38,56,0.7427408585373115,4.547198841954444,3.4114699559552335
dopt,n_added=14,,XGBoost,47,LOCO,dopt,Thickness_mean,,all,14,,56,38,56,0.7350790127429314,4.614415739708399,3.5841531201771324
dopt,n_added=14,,XGBoost,48,LOCO,dopt,Thickness_mean,,all,14,,56,38,56,0.7608022749764295,4.384671485255322,3.2605876526662283
dopt,n_added=14,,XGBoost,49,LOCO,dopt,Thickness_mean,,all,14,,56,38,56,0.7311877284232798,4.648181556244531,3.569570236716952
dopt,n_added=14,,XGBoost,50,LOCO,dopt,Thickness_mean,,all,14,,56,38,56,0.7400740937274253,4.5707063567726784,3.507256577866418
dopt,n_added=14,,XGBoost,51,LOCO,dopt,Thickness_mean,,all,14,,56,38,56,0.7647120654716041,4.348689164817802,3.23608281152589
dopt,n_added=14,,GPR,42,LOCO,dopt,Thickness_mean,,all,14,,56,38,56,0.7562633824214289,4.426076619058397,3.1582506057193416
dopt,n_added=14,,GPR,43,LOCO,dopt,Thickness_mean,,all,14,,56,38,56,0.7562634703224698,4.426075820949395,3.158249820677214
dopt,n_added=14,,GPR,44,LOCO,dopt,Thickness_mean,,all,14,,56,38,56,0.7562634418600922,4.426076079377291,3.1582501568847277
dopt,n_added=14,,GPR,45,LOCO,dopt,Thickness_mean,,all,14,,56,38,56,0.7562633947053609,4.4260765075248365,3.1582501231310682
dopt,n_added=14,,GPR,46,LOCO,dopt,Thickness_mean,,all,14,,56,38,56,0.7562634405154386,4.42607609158625,3.158249313519829
dopt,n_added=14,,GPR,47,LOCO,dopt,Thickness_mean,,all,14,,56,38,56,0.7562633496409146,4.426076916693328,3.1582508391735806
dopt,n_added=14,,GPR,48,LOCO,dopt,Thickness_mean,,all,14,,56,38,56,0.7562633299531634,4.426077095450808,3.158250759560132
dopt,n_added=14,,GPR,49,LOCO,dopt,Thickness_mean,,all,14,,56,38,56,0.7562633769863429,4.4260766684069655,3.1582505638044682
dopt,n_added=14,,GPR,50,LOCO,dopt,Thickness_mean,,all,14,,56,38,56,0.7562634044502674,4.426076419044687,3.1582499761955813
dopt,n_added=14,,GPR,51,LOCO,dopt,Thickness_mean,,all,14,,56,38,56,0.756263523640492,4.426075336841366,3.1582489133294707
dopt,n_added=15,,Ridge,42,LOCO,dopt,Thickness_mean,,all,15,,57,39,57,0.7353482946919014,4.576418267650208,3.299000492429795
dopt,n_added=15,,Ridge,43,LOCO,dopt,Thickness_mean,,all,15,,57,39,57,0.7382550525735917,4.5512167137996355,3.2427230870824935
dopt,n_added=15,,Ridge,44,LOCO,dopt,Thickness_mean,,all,15,,57,39,57,0.7477189074038499,4.468180549783916,3.138659208303839
dopt,n_added=15,,Ridge,45,LOCO,dopt,Thickness_mean,,all,15,,57,39,57,0.7461315345016785,4.482215582505086,3.215259599233315
dopt,n_added=15,,Ridge,46,LOCO,dopt,Thickness_mean,,all,15,,57,39,57,0.7453658817807971,4.488969546414577,3.135227425071915
dopt,n_added=15,,Ridge,47,LOCO,dopt,Thickness_mean,,all,15,,57,39,57,0.7451801377150395,4.490606498016221,3.1575865366714577
dopt,n_added=15,,Ridge,48,LOCO,dopt,Thickness_mean,,all,15,,57,39,57,0.7517687301488521,4.432172008420419,3.0539713753471727
dopt,n_added=15,,Ridge,49,LOCO,dopt,Thickness_mean,,all,15,,57,39,57,0.745350551679383,4.48910467230254,3.190519400747212
dopt,n_added=15,,Ridge,50,LOCO,dopt,Thickness_mean,,all,15,,57,39,57,0.7365710621614503,4.5658338393021936,3.274871858326751
dopt,n_added=15,,Ridge,51,LOCO,dopt,Thickness_mean,,all,15,,57,39,57,0.7500114709402681,4.447832283141501,3.101978539132736
dopt,n_added=15,,Random Forest,42,LOCO,dopt,Thickness_mean,,all,15,,57,39,57,0.7766843090223532,4.20385745762922,3.15605816535821
dopt,n_added=15,,Random Forest,43,LOCO,dopt,Thickness_mean,,all,15,,57,39,57,0.795195859601908,4.025851287305188,2.7965283485771635
dopt,n_added=15,,Random Forest,44,LOCO,dopt,Thickness_mean,,all,15,,57,39,57,0.8181063151137753,3.7939986560945878,2.6441167185760976
dopt,n_added=15,,Random Forest,45,LOCO,dopt,Thickness_mean,,all,15,,57,39,57,0.7818336182420252,4.1551076186230045,2.9328866230022363
dopt,n_added=15,,Random Forest,46,LOCO,dopt,Thickness_mean,,all,15,,57,39,57,0.7998276819955155,3.980066892804049,2.798218345993239
dopt,n_added=15,,Random Forest,47,LOCO,dopt,Thickness_mean,,all,15,,57,39,57,0.8155602636159395,3.820459573629054,2.6395052508979244
dopt,n_added=15,,Random Forest,48,LOCO,dopt,Thickness_mean,,all,15,,57,39,57,0.7942952858203925,4.034692903528765,2.874654376029509
dopt,n_added=15,,Random Forest,49,LOCO,dopt,Thickness_mean,,all,15,,57,39,57,0.7919788710875961,4.057346390438207,2.8247082857168633
dopt,n_added=15,,Random Forest,50,LOCO,dopt,Thickness_mean,,all,15,,57,39,57,0.8135687904079961,3.8410297488749405,2.6424407536067744
dopt,n_added=15,,Random Forest,51,LOCO,dopt,Thickness_mean,,all,15,,57,39,57,0.7822399354786551,4.151236539491818,2.983771716406938
dopt,n_added=15,,XGBoost,42,LOCO,dopt,Thickness_mean,,all,15,,57,39,57,0.7382275010944013,4.551456239823449,3.3782274656128464
dopt,n_added=15,,XGBoost,43,LOCO,dopt,Thickness_mean,,all,15,,57,39,57,0.7600489017021912,4.357623789256458,3.0905511747326764
dopt,n_added=15,,XGBoost,44,LOCO,dopt,Thickness_mean,,all,15,,57,39,57,0.7355433414201737,4.574731560336227,3.31009787258349
dopt,n_added=15,,XGBoost,45,LOCO,dopt,Thickness_mean,,all,15,,57,39,57,0.7551191932735902,4.402159113093782,3.2443806126243193
dopt,n_added=15,,XGBoost,46,LOCO,dopt,Thickness_mean,,all,15,,57,39,57,0.748157824299641,4.46429200296001,3.3434109785682278
dopt,n_added=15,,XGBoost,47,LOCO,dopt,Thickness_mean,,all,15,,57,39,57,0.7373098214189548,4.559427139623447,3.4177779256251823
dopt,n_added=15,,XGBoost,48,LOCO,dopt,Thickness_mean,,all,15,,57,39,57,0.7578708488214314,4.3773563397432955,3.1669359576074703
dopt,n_added=15,,XGBoost,49,LOCO,dopt,Thickness_mean,,all,15,,57,39,57,0.7622333790063148,4.337742874589409,3.212415575060928
dopt,n_added=15,,XGBoost,50,LOCO,dopt,Thickness_mean,,all,15,,57,39,57,0.7647244204479179,4.3149601385103455,3.1859421435573645
dopt,n_added=15,,XGBoost,51,LOCO,dopt,Thickness_mean,,all,15,,57,39,57,0.7725139588081492,4.242928747558782,3.065110030592534
dopt,n_added=15,,GPR,42,LOCO,dopt,Thickness_mean,,all,15,,57,39,57,0.7700915653174387,4.265459418262451,2.9769287684854353
dopt,n_added=15,,GPR,43,LOCO,dopt,Thickness_mean,,all,15,,57,39,57,0.770091673693011,4.265458412923824,2.9769285880881657
dopt,n_added=15,,GPR,44,LOCO,dopt,Thickness_mean,,all,15,,57,39,57,0.7700915759875993,4.265459319281443,2.976929114327667
dopt,n_added=15,,GPR,45,LOCO,dopt,Thickness_mean,,all,15,,57,39,57,0.7700916578456584,4.265458559930728,2.9769283502050956
dopt,n_added=15,,GPR,46,LOCO,dopt,Thickness_mean,,all,15,,57,39,57,0.7700916810910714,4.265458344296211,2.9769285887576307
dopt,n_added=15,,GPR,47,LOCO,dopt,Thickness_mean,,all,15,,57,39,57,0.7700915947174354,4.265459145535406,2.976928669675816
dopt,n_added=15,,GPR,48,LOCO,dopt,Thickness_mean,,all,15,,57,39,57,0.7700916401505513,4.265458724078196,2.976928071653083
dopt,n_added=15,,GPR,49,LOCO,dopt,Thickness_mean,,all,15,,57,39,57,0.77009164146915,4.265458711846305,2.9769281301416526
dopt,n_added=15,,GPR,50,LOCO,dopt,Thickness_mean,,all,15,,57,39,57,0.7700915731806128,4.2654593453202585,2.9769285381630723
dopt,n_added=15,,GPR,51,LOCO,dopt,Thickness_mean,,all,15,,57,39,57,0.7700915740206693,4.265459337527534,2.976928837926376
