Plasma_Power_W,Cycles,Chuck_T_C,O2_Flow_sccm,Oxidant_Dose_s,T1,T2,T3,T4,T5,Thickness_mean,Thickness_5pos,source
300.0,100.0,250.0,10.0,20.0,30.87,1.5,34.75,42.82,36.92,36.34,29.372000000000003,OFAT
300.0,100.0,200.0,10.0,20.0,19.39,15.75,17.74,23.54,19.02,19.9225,19.088,OFAT
300.0,100.0,150.0,10.0,20.0,25.67,17.57,23.41,26.67,26.9,25.6625,24.044,OFAT
100.0,100.0,150.0,10.0,20.0,22.21,19.36,18.33,18.33,21.96,20.2075,20.038,OFAT
50.0,100.0,150.0,10.0,20.0,16.17,16.32,14.6,14.83,15.78,15.345,15.540000000000001,OFAT
20.0,100.0,150.0,10.0,20.0,14.41,14.77,14.24,14.23,14.18,14.265,14.366,OFAT
20.0,100.0,250.0,10.0,20.0,12.16,13.13,12.75,13.67,13.11,12.9225,12.963999999999999,OFAT
20.0,100.0,250.0,10.0,60.0,12.68,13.29,13.11,13.42,13.9,13.2775,13.280000000000001,OFAT
100.0,100.0,250.0,10.0,60.0,15.22,14.64,15.01,15.57,15.52,15.329999999999998,15.191999999999998,OFAT
300.0,50.0,250.0,10.0,60.0,8.05,7.14,7.73,7.73,7.91,7.855,7.712000000000001,OFAT
20.0,50.0,250.0,50.0,60.0,1.22,0.65,1.42,7.03,1.56,2.8075,2.3760000000000003,OFAT
300.0,50.0,250.0,50.0,60.0,8.28,7.78,7.35,7.78,7.74,7.7875,7.786,OFAT
300.0,50.0,250.0,50.0,60.0,9.33,9.53,9.17,8.9,9.02,9.105,9.190000000000001,OFAT
100.0,50.0,250.0,50.0,60.0,7.64,7.63,7.88,7.63,7.79,7.734999999999999,7.714,OFAT
20.0,50.0,250.0,50.0,60.0,6.28,6.76,7.22,7.07,6.72,6.8225,6.81,OFAT
20.0,50.0,250.0,50.0,60.0,21.04,23.08,13.88,9.84,15.22,14.995,16.612000000000002,OFAT
20.0,57.0,250.0,50.0,60.0,15.01,18.66,14.83,11.65,14.61,14.025,14.952000000000002,OFAT
20.0,50.0,250.0,50.0,60.0,10.38,16.93,8.59,8.13,9.09,9.0475,10.623999999999999,OFAT
20.0,120.0,250.0,50.0,60.0,23.56,33.93,20.28,21.18,23.88,22.225,24.566000000000003,OFAT
20.0,120.0,250.0,50.0,60.0,27.55,37.57,25.12,23.16,27.91,25.935,28.262,OFAT
20.0,30.0,250.0,50.0,60.0,7.6,9.3,6.6,6.28,7.64,7.03,7.484,OFAT
20.0,55.0,250.0,50.0,60.0,14.52,21.19,14.42,10.38,14.81,13.5325,15.064000000000002,OFAT
20.0,120.0,250.0,50.0,60.0,28.83,65.49,22.59,21.52,28.22,25.29,33.33,OFAT
20.0,120.0,250.0,50.0,60.0,23.13,29.87,21.15,20.92,22.66,21.965,23.546,OFAT
20.0,120.0,250.0,50.0,60.0,25.94,33.32,21.32,21.2,23.87,23.082500000000003,25.130000000000003,OFAT
20.0,120.0,250.0,50.0,60.0,23.24,29.04,20.07,20.07,21.67,21.262500000000003,22.818,OFAT
20.0,100.0,250.0,50.0,60.0,18.49,20.62,17.67,17.22,17.93,17.8275,18.386000000000003,OFAT
20.0,100.0,250.0,50.0,60.0,18.9,21.49,16.27,16.46,17.75,17.345,18.174,OFAT
20.0,100.0,250.0,50.0,60.0,33.39,23.24,20.32,24.14,20.12,24.4925,24.241999999999997,OFAT
20.0,100.0,250.0,50.0,60.0,18.34,23.93,16.74,17.54,18.16,17.695,18.942,OFAT
20.0,100.0,250.0,50.0,60.0,17.68,25.86,16.09,16.13,17.36,16.814999999999998,18.624,OFAT
20.0,93.0,250.0,50.0,60.0,15.6,19.87,14.53,14.36,15.28,14.9425,15.928,OFAT
20.0,62.0,250.0,50.0,60.0,10.09,12.18,9.86,9.87,10.03,9.9625,10.406,OFAT
20.0,31.0,250.0,50.0,60.0,4.96,6.52,4.78,4.82,4.86,4.855,5.188000000000001,OFAT
20.0,5.0,250.0,50.0,60.0,0.93,1.04,0.98,0.99,2.05,1.2375,1.198,OFAT
20.0,10.0,250.0,50.0,60.0,2.09,2.28,1.92,1.98,2.12,2.0275,2.078,OFAT
20.0,20.0,250.0,50.0,60.0,3.75,3.94,3.43,3.56,3.4,3.535,3.6160000000000005,OFAT
20.0,31.0,250.0,50.0,60.0,10.44,27.87,7.71,6.43,9.99,8.6425,12.488,OFAT
20.0,62.0,250.0,50.0,60.0,14.05,25.93,12.3,10.83,13.82,12.75,15.386000000000001,OFAT
20.0,93.0,250.0,50.0,60.0,18.15,32.0,16.47,15.55,17.69,16.965,19.972,OFAT
20.0,62.0,250.0,50.0,60.0,9.18,9.34,27.79,32.54,9.1,19.6525,17.589999999999996,OFAT
20.0,62.0,250.0,50.0,60.0,8.9,9.27,9.76,9.56,8.85,9.2675,9.268,OFAT
133.0,5.0,100.0,10.0,47.0,1.07,1.18,1.05,1.02,1.11,1.0625,1.0859999999999999,DOE
233.0,5.0,100.0,70.0,20.0,1.07,1.06,1.01,1.05,1.07,1.05,1.052,DOE
167.0,29.0,100.0,70.0,60.0,5.44,5.31,5.11,5.08,5.51,5.285,5.29,DOE
167.0,150.0,100.0,70.0,20.0,31.82,33.22,27.66,27.68,31.63,29.6975,30.401999999999997,DOE
267.0,150.0,100.0,10.0,60.0,33.65,35.05,32.75,26.56,33.77,31.682500000000005,32.35600000000001,DOE
300.0,5.0,150.0,10.0,27.0,1.08,1.06,1.07,1.02,1.04,1.0525000000000002,1.0540000000000003,DOE
233.0,126.0,150.0,10.0,53.0,26.58,26.39,26.37,23.84,27.65,26.11,26.165999999999997,DOE
267.0,150.0,150.0,70.0,60.0,25.77,25.66,25.89,25.16,25.67,25.6225,25.630000000000003,DOE
100.0,150.0,175.0,50.0,60.0,25.24,25.68,25.79,25.04,25.41,25.37,25.432,DOE
233.0,5.0,200.0,40.0,53.0,1.04,1.05,1.22,1.13,1.06,1.1124999999999998,1.0999999999999999,DOE
267.0,150.0,225.0,20.0,47.0,22.9,22.96,22.07,22.1,22.93,22.5,22.592000000000002,DOE
300.0,5.0,250.0,70.0,60.0,1.24,1.22,1.43,1.3,1.17,1.285,1.2719999999999998,DOE
100.0,29.0,250.0,70.0,40.0,4.08,4.18,4.7,4.47,4.09,4.335,4.304,DOE
100.0,78.0,250.0,10.0,60.0,10.96,11.08,10.99,10.89,12.36,11.3,11.256,DOE
233.0,150.0,250.0,60.0,60.0,21.95,22.69,21.88,21.5,22.24,21.8925,22.052,DOE
