n_total,median,q25,q75,model
6,8.906574064289138,8.906574006028231,8.906574119718764,GPR
6,7.209358179557906,7.130649036148151,7.2341570573831975,Random Forest
6,9.60906974279778,9.60906974279778,9.60906974279778,Ridge
6,7.670028090880988,7.6556342215682704,7.70003257203016,XGBoost
7,9.49143894456029,9.491437032826209,9.491440116718598,GPR
7,8.750969778448265,8.577268429725539,8.993239639204717,Random Forest
7,8.70336796455908,8.70336796455908,8.70336796455908,Ridge
7,7.237782415655853,7.174284011997182,7.2616231556627975,XGBoost
8,9.233800048066378,9.233798129382253,9.23380316012474,GPR
8,6.950589154686792,6.787997507974171,7.067967924446454,Random Forest
8,7.828585339756903,7.828585339756903,7.828585339756903,Ridge
8,6.896241887894438,6.777011402785959,7.076865733145586,XGBoost
9,8.77055064514964,8.770550287869334,8.77055150807282,GPR
9,6.497631007765092,6.418228172192675,6.514155293547579,Random Forest
9,7.12229449942624,7.12229449942624,7.12229449942624,Ridge
9,8.140794793205409,7.883161354805734,8.274850973977985,XGBoost
10,9.533039578291083,9.533012308516692,9.5403413192171,GPR
10,10.42097570020589,10.333038071023527,10.536943304127174,Random Forest
10,8.597451835059614,8.597451835059614,8.597451835059614,Ridge
10,12.61742845229892,12.44974651244365,12.832078960523349,XGBoost
11,12.294821178673509,11.847308248349362,12.485536669577431,GPR
11,9.418175464225557,9.237219657948486,9.473491133108116,Random Forest
11,7.5458860875057585,7.5458860875057585,7.5458860875057585,Ridge
11,9.342954996249452,9.222318737069585,9.526124403082752,XGBoost
12,9.12527232649878,8.954929341861495,10.892164945863321,GPR
12,7.835529662431514,7.711285770188159,7.911290703264813,Random Forest
12,7.129846661950858,7.129846661950858,7.129846661950858,Ridge
12,6.727140874215499,6.513606871474421,7.004101551095269,XGBoost
13,9.068021674847355,8.796202233233195,11.319119167037645,GPR
13,7.267244092577924,7.22686598494,7.575527968326679,Random Forest
13,6.831217385153823,6.831217385153823,6.831217385153823,Ridge
13,6.656283848593597,6.362756167853442,6.822940940317075,XGBoost
14,8.650327095136756,8.546771090187303,10.817029567756405,GPR
14,7.069090046868601,6.95901978578609,7.152828850958347,Random Forest
14,6.825418941860439,6.825418941860439,6.825418941860439,Ridge
14,6.926099913888077,6.604733302951534,7.167163757723793,XGBoost
15,8.63723602502266,8.510159555683991,9.258397265533773,GPR
15,6.768262878573328,6.646232326724162,6.824955161068389,Random Forest
15,6.877879404947616,6.877879404947616,6.877879404947616,Ridge
15,6.40512780710055,6.32434392496298,6.818358775133497,XGBoost
16,7.6320329650921845,7.457589768174944,8.598665227450425,GPR
16,6.5727053611542665,6.499546388180138,6.779364671075035,Random Forest
16,7.612660719587019,7.55727717464783,8.08003407461591,Ridge
16,6.160016337211134,6.0889340881524685,6.37986077672636,XGBoost
17,7.57135667554955,7.570852983336785,7.577566641485129,GPR
17,6.446550331417386,6.353966002701667,6.549565771426302,Random Forest
17,7.706026798401222,7.31565238828544,7.787410660319616,Ridge
17,6.1170179895567145,6.013731235742101,6.25763720161794,XGBoost
18,7.383625604374421,7.380817076186485,7.3955434739571535,GPR
18,6.159822183617862,5.915824356837824,6.3626445290273175,Random Forest
18,7.467616321268286,7.022652374525804,7.599120859043847,Ridge
18,5.978161842002654,5.84364202171434,6.055913782494952,XGBoost
19,7.335422721846804,7.3353468622958395,7.3354238319424105,GPR
19,6.009991882042918,5.911922881622543,6.304765364264097,Random Forest
19,7.262599089215055,7.008943534462606,7.601089965325221,Ridge
19,6.23100334593751,6.200595138386293,6.425159656202647,XGBoost
20,7.451126212165526,7.451079211735638,7.451360452488934,GPR
20,6.4012955853060545,6.353053110705762,6.445065503177237,Random Forest
20,7.712383130689814,7.436708332156238,7.827750297213139,Ridge
20,6.832216397832554,6.795855509060779,6.931398112265519,XGBoost
21,8.032645889533967,8.030783288169637,8.032649424107658,GPR
21,6.179853291935135,6.070708890560751,6.343791091865893,Random Forest
21,7.499793359456822,7.281318391948309,7.708990941516477,Ridge
21,6.565864628103164,6.513762564414364,6.6846496690366495,XGBoost
22,7.890403096228212,7.8658112573302805,7.890410506548769,GPR
22,5.876079147962336,5.8441981196140445,5.947851766305062,Random Forest
22,7.535139478614719,7.232920420718342,7.734719585150646,Ridge
22,6.381993496524145,6.353688303523282,6.578123745989715,XGBoost
23,8.351693516172567,8.309992682678624,8.354080084821982,GPR
23,6.098742559608828,6.008402489582494,6.298084024715287,Random Forest
23,7.6987872100829,7.506361600246267,7.870986726781399,Ridge
23,6.7209333477422994,6.655908902560926,6.808438978515822,XGBoost
24,8.357032175764774,8.330414471838171,8.359971354473151,GPR
24,6.224502763751399,6.155194502648884,6.34142039692026,Random Forest
24,7.617929035854517,7.379735588279358,8.014986632607732,Ridge
24,6.782474980849007,6.71393188172619,6.912476018382209,XGBoost
25,8.396284041713656,8.39627852534775,8.396635304843317,GPR
25,6.36047989703013,6.281782033612753,6.470677670125779,Random Forest
25,7.694834358174425,7.400919226170448,8.02058848796708,Ridge
25,7.039767286597869,6.916060397285801,7.126896215881631,XGBoost
26,7.88838001325026,7.888369561124824,7.888391418542157,GPR
26,6.434664302762627,6.290109827899671,6.476131995931789,Random Forest
26,7.883558007658493,7.26290389674205,8.017614333168638,Ridge
26,7.01598208201016,6.826345602114019,7.113236988180253,XGBoost
27,8.657695669602589,8.657687609396843,8.657704694570524,GPR
27,5.860994628663911,5.632488506677557,5.904209209360092,Random Forest
27,7.219696852489234,6.857760527731798,7.574353580305775,Ridge
27,6.257175410091934,6.104392539866102,6.3332797330016355,XGBoost
28,8.535080814137583,8.534946051397283,8.535088524334085,GPR
28,5.388393866119138,5.1579749951747385,5.5378937514459405,Random Forest
28,6.7049428925405685,6.308546676308489,6.97352642622077,Ridge
28,5.863519527473219,5.729737323663403,5.910177989819717,XGBoost
29,8.072524562244777,8.0725204041828,8.072529300568728,GPR
29,4.809916881660801,4.7397440676786635,4.970632933664142,Random Forest
29,6.5030829643626245,6.166339513772293,6.580729680932234,Ridge
29,5.491092250726732,5.390354642823237,5.543394438355049,XGBoost
30,8.049765662392499,8.049762308478417,8.050332081304205,GPR
30,4.761661266321203,4.684909233636344,4.894778687755766,Random Forest
30,6.208446198742664,6.139472460637527,6.381331020842626,Ridge
30,5.379032327567618,5.288186512619977,5.567465050603822,XGBoost
31,7.974346915788852,7.974343777867906,7.9749547558938065,GPR
31,4.699231107827554,4.5930796821586695,4.789286762569597,Random Forest
31,6.163854290601709,5.965862498406312,6.310201137715744,Ridge
31,5.365396218485598,5.298890606808866,5.482418512952668,XGBoost
32,7.344810721605303,7.344801744833479,7.344823413761945,GPR
32,4.721147158515597,4.6524667654237675,4.823432906491119,Random Forest
32,5.970182248370058,5.913360322705791,6.070389727322111,Ridge
32,5.262794609363191,5.163998308375282,5.387351662116344,XGBoost
33,6.97618623894234,6.97618273601134,6.9761887581518405,GPR
33,4.696483669847089,4.5856647224675084,4.787540775054915,Random Forest
33,5.977215652760001,5.898486065665052,6.034206140534881,Ridge
33,5.305706580872987,5.1569999360572085,5.405120124339718,XGBoost
34,6.962200518536177,6.962199890661648,6.962201542902344,GPR
34,4.796212801749028,4.5914336934747855,5.026110251824856,Random Forest
34,5.882507108270346,5.7782820106928545,5.951709014195348,Ridge
34,5.209044632413769,5.1865229192811615,5.397991790984687,XGBoost
35,7.045071509485792,7.045070537929632,7.045072385256386,GPR
35,4.760371416351571,4.625070720256545,4.82855680109939,Random Forest
35,5.686680901883085,5.583522525515694,5.8437140673697705,Ridge
35,5.260454023675327,5.230388548073679,5.391619469158262,XGBoost
36,6.956810660689877,6.9568087824003655,6.956812471595623,GPR
36,4.6283216263072235,4.56263174166528,4.672859112970651,Random Forest
36,5.677295769258212,5.632160674133306,5.95308055566514,Ridge
36,5.210538325855694,5.174122120334686,5.2582641974100985,XGBoost
37,6.878981934328553,6.878978153139896,6.878984887352998,GPR
37,4.425625783633219,4.384176735130949,4.541755564123696,Random Forest
37,5.770977391883241,5.585223930343943,5.900210680052544,Ridge
37,5.070710747382744,4.963532229195703,5.264307756654253,XGBoost
38,6.901059133973808,6.9010562354935265,6.901071322718461,GPR
38,4.364924223908428,4.306194489446212,4.492843722170949,Random Forest
38,5.740657266253192,5.628595493821834,5.885189543060433,Ridge
38,5.030536581871162,4.934172496444283,5.080424962827474,XGBoost
39,6.843192850365881,6.84318963043622,6.843200663107815,GPR
39,4.295137160399275,4.20110895967255,4.398771941067565,Random Forest
39,5.714521795463686,5.609528625635423,5.885807500121135,Ridge
39,4.86648724855185,4.825303505999115,4.972010288321668,XGBoost
40,6.774647420415156,6.774645718946043,6.774651539058752,GPR
40,4.447356258218861,4.359326474675148,4.689730662395206,Random Forest
40,5.706982404487942,5.509500792674394,5.898099403438509,Ridge
40,5.020730843690235,4.829888295565163,5.100787301087765,XGBoost
41,6.824939117352388,6.824936316809764,6.824941533768399,GPR
41,4.482651145843668,4.37487403884926,4.5423290373926095,Random Forest
41,5.670271822022242,5.522898217943117,5.808196097795946,Ridge
41,4.893551735032041,4.7739847883159285,4.929051029930471,XGBoost
42,6.647101601362191,6.647088566812493,6.647109017962249,GPR
42,4.438937499920667,4.353895778183023,4.49951834674296,Random Forest
42,5.627686232068102,5.4256111456554015,5.79851050538886,Ridge
42,4.952232603916812,4.906187008261307,4.995567144875897,XGBoost
43,6.548440232971188,6.548439030885287,6.548443359650042,GPR
43,4.454957517953697,4.2875527349356775,4.542258979632776,Random Forest
43,4.806808163434093,4.768916515652625,4.907287920171603,Ridge
43,4.71817081797303,4.658188333609428,4.787329287615956,XGBoost
44,5.780606023913269,5.780599846913931,5.879971975311635,GPR
44,4.353720596698647,4.289806946790027,4.378543301357699,Random Forest
44,4.750863435835552,4.6878172497304025,4.819770191107803,Ridge
44,4.569169200018283,4.474093804263472,4.665125423582208,XGBoost
45,4.609433900023982,4.60943291319441,4.609438969015747,GPR
45,4.307892418990111,4.236512911496229,4.367502011628872,Random Forest
45,4.6884454555418245,4.631959554031417,4.748846506310584,Ridge
45,4.683612641887279,4.574390448365634,4.792865561039969,XGBoost
46,4.146388977516787,4.146388510465423,4.1463891697074455,GPR
46,4.253076970285358,4.215945444039432,4.409827754638874,Random Forest
46,4.798113972325033,4.7549396891673315,4.825422610902321,Ridge
46,4.848512790834592,4.808684371566947,4.987468350165205,XGBoost
47,4.154863781631374,4.154863702161084,4.154864136492342,GPR
47,4.275218046975697,4.209456736608515,4.398051965483353,Random Forest
47,4.707017524801305,4.689426024511974,4.7221855096372485,Ridge
47,4.68530463392973,4.64035812785632,4.862989347821903,XGBoost
48,4.534911893370333,4.534910906804624,4.534913218099913,GPR
48,4.176391839088904,4.137662728624079,4.335224962012037,Random Forest
48,4.686469676392556,4.670409684022025,4.7643657792703,Ridge
48,4.808343764447382,4.745488533799281,4.912462448956008,XGBoost
49,4.496248819286034,4.496248363437118,4.496249339854415,GPR
49,4.214786164654322,4.142683502800602,4.323893688886211,Random Forest
49,4.620620493442296,4.585101209299274,4.6549667471508975,Ridge
49,4.818234077878552,4.804964914467361,4.832388115893922,XGBoost
50,4.682594453410307,4.682594205135797,4.682594908545188,GPR
50,4.273697799237519,4.195958579292517,4.386457607457727,Random Forest
50,4.727057951621312,4.6970611180839015,4.786380069916227,Ridge
50,4.848791813969958,4.8094885652151325,4.8876813152358185,XGBoost
51,4.558370670900692,4.558370383134664,4.558370820205847,GPR
51,4.265186193427881,4.204427866604675,4.295462866848849,Random Forest
51,4.641815624972784,4.613329591309778,4.668140131226472,Ridge
51,4.6678146535354195,4.619113621515736,4.743543591659635,XGBoost
52,4.5087811493681365,4.508780725746233,4.508781284977571,GPR
52,4.170717268883616,4.109813909441366,4.246442781238076,Random Forest
52,4.567177969169439,4.54949840498545,4.5769365782816225,Ridge
52,4.6387033113709775,4.56447437071855,4.693261867985562,XGBoost
53,4.469901769182913,4.469901491348773,4.4699021582736975,GPR
53,4.129800612262539,4.060103345794335,4.2778358665949945,Random Forest
53,4.518949311512046,4.4977922306592015,4.550047722750305,Ridge
53,4.572552021647015,4.452319084027623,4.634062188457347,XGBoost
54,4.580745288526824,4.580744584635953,4.580745843960376,GPR
54,4.227954494075123,4.0950271937502505,4.309158123953166,Random Forest
54,4.60075355108034,4.569558480273078,4.632913247131706,Ridge
54,4.6470574386811005,4.5749568142808705,4.704744475937898,XGBoost
55,4.506557996748953,4.5065567743003365,4.506559060745268,GPR
55,4.102742977871841,4.051168643112209,4.203788213892567,Random Forest
55,4.508987406568408,4.504114717400701,4.518275507173594,Ridge
55,4.606537343965384,4.57199230812554,4.6459840017048855,XGBoost
56,4.426076463284762,4.42607608242953,4.4260766560698235,GPR
56,4.0632335255426355,4.034050472730099,4.105006629885029,Random Forest
56,4.5016931133412745,4.487742583601239,4.5513493405633385,Ridge
56,4.535317564209828,4.393401990556379,4.56482947806812,XGBoost
57,4.2654589348068015,4.265458597909623,4.265459332966011,GPR
57,4.030272095416977,3.8757890348572177,4.127764002228416,Random Forest
57,4.489037109358558,4.471689307964208,4.536064159853782,Ridge
57,4.389757726418539,4.342713103256171,4.529665180607589,XGBoost
